
C:/Users/sadar/cansat_soft/rpico-motor-driver/build-diagnostic-tx21-rx20-picotool/rpico-motor-driver-diagnostic.elf:     file format elf32-littlearm

Sections:
Idx Name          Size      VMA       LMA       File off  Algn
  0 .text         0000c428  10000000  10000000  00001000  2**3
                  CONTENTS, ALLOC, LOAD, READONLY, CODE
  1 .rodata       00007664  1000c428  1000c428  0000d428  2**3
                  CONTENTS, ALLOC, LOAD, READONLY, DATA
  2 .ARM.exidx    00000008  10013a8c  10013a8c  00014a8c  2**2
                  CONTENTS, ALLOC, LOAD, READONLY, DATA
  3 .binary_info  00000020  10013a94  10013a94  00014a94  2**2
                  CONTENTS, ALLOC, LOAD, READONLY, DATA
  4 .ram_vector_table 00000110  20000000  20000000  00018000  2**2
                  ALLOC
  5 .uninitialized_data 00000000  20000110  20000110  0001728c  2**0
                  CONTENTS
  6 .data         000017c4  20000110  10013ab4  00015110  2**3
                  CONTENTS, ALLOC, LOAD, READONLY, CODE
  7 .tdata        00000000  200018d4  200018d4  0001728c  2**0
                  CONTENTS, ALLOC, LOAD, DATA, THREAD_LOCAL
  8 .tbss         00000000  200018d4  200018d4  00000000  2**0
                  ALLOC, THREAD_LOCAL
  9 .bss          00001028  200018d8  10015278  000178d8  2**3
                  ALLOC
 10 .heap         0007d700  20002900  10015278  00017900  2**2
                  ALLOC, READONLY
 11 .scratch_x    00000000  20080000  20080000  0001728c  2**0
                  CONTENTS
 12 .scratch_y    00000000  20081000  20081000  0001728c  2**0
                  CONTENTS
 13 .stack_dummy  00000800  20081000  20081000  000172a0  2**5
                  CONTENTS, READONLY
 14 .flash_end    00000014  10015278  10015278  00017278  2**0
                  CONTENTS, ALLOC, LOAD, READONLY, DATA
 15 .ARM.attributes 00000034  00000000  00000000  00017aa0  2**0
                  CONTENTS, READONLY
 16 .comment      00000044  00000000  00000000  00017ad4  2**0
                  CONTENTS, READONLY
 17 .debug_info   00035c8b  00000000  00000000  00017b18  2**0
                  CONTENTS, READONLY, DEBUGGING, OCTETS
 18 .debug_abbrev 00009530  00000000  00000000  0004d7a3  2**0
                  CONTENTS, READONLY, DEBUGGING, OCTETS
 19 .debug_loclists 00018da8  00000000  00000000  00056cd3  2**0
                  CONTENTS, READONLY, DEBUGGING, OCTETS
 20 .debug_aranges 00001360  00000000  00000000  0006fa80  2**3
                  CONTENTS, READONLY, DEBUGGING, OCTETS
 21 .debug_rnglists 000049cf  00000000  00000000  00070de0  2**0
                  CONTENTS, READONLY, DEBUGGING, OCTETS
 22 .debug_line   000224d0  00000000  00000000  000757af  2**0
                  CONTENTS, READONLY, DEBUGGING, OCTETS
 23 .debug_str    0000994c  00000000  00000000  00097c7f  2**0
                  CONTENTS, READONLY, DEBUGGING, OCTETS
 24 .debug_frame  00004804  00000000  00000000  000a15cc  2**2
                  CONTENTS, READONLY, DEBUGGING, OCTETS
 25 .debug_line_str 000002cc  00000000  00000000  000a5dd0  2**0
                  CONTENTS, READONLY, DEBUGGING, OCTETS

C:/Users/sadar/cansat_soft/rpico-motor-driver/build-diagnostic-tx21-rx20-picotool/rpico-motor-driver-diagnostic.elf:     file format elf32-littlearm


Disassembly of section .text:

10000000 <__VECTOR_TABLE>:
10000000:	20082000 	.word	0x20082000
10000004:	1000015d 	.word	0x1000015d
10000008:	10000113 	.word	0x10000113
1000000c:	10000115 	.word	0x10000115
10000010:	10000111 	.word	0x10000111
10000014:	10000111 	.word	0x10000111
10000018:	10000111 	.word	0x10000111
1000001c:	10000111 	.word	0x10000111
10000020:	10000111 	.word	0x10000111
10000024:	10000111 	.word	0x10000111
10000028:	10000111 	.word	0x10000111
1000002c:	10000117 	.word	0x10000117
10000030:	10000111 	.word	0x10000111
10000034:	10000111 	.word	0x10000111
10000038:	10000119 	.word	0x10000119
1000003c:	1000011b 	.word	0x1000011b
10000040:	1000011d 	.word	0x1000011d
10000044:	1000011d 	.word	0x1000011d
10000048:	1000011d 	.word	0x1000011d
1000004c:	1000011d 	.word	0x1000011d
10000050:	1000011d 	.word	0x1000011d
10000054:	1000011d 	.word	0x1000011d
10000058:	1000011d 	.word	0x1000011d
1000005c:	1000011d 	.word	0x1000011d
10000060:	1000011d 	.word	0x1000011d
10000064:	1000011d 	.word	0x1000011d
10000068:	1000011d 	.word	0x1000011d
1000006c:	1000011d 	.word	0x1000011d
10000070:	1000011d 	.word	0x1000011d
10000074:	1000011d 	.word	0x1000011d
10000078:	1000011d 	.word	0x1000011d
1000007c:	1000011d 	.word	0x1000011d
10000080:	1000011d 	.word	0x1000011d
10000084:	1000011d 	.word	0x1000011d
10000088:	1000011d 	.word	0x1000011d
1000008c:	1000011d 	.word	0x1000011d
10000090:	1000011d 	.word	0x1000011d
10000094:	1000011d 	.word	0x1000011d
10000098:	1000011d 	.word	0x1000011d
1000009c:	1000011d 	.word	0x1000011d
100000a0:	1000011d 	.word	0x1000011d
100000a4:	1000011d 	.word	0x1000011d
100000a8:	1000011d 	.word	0x1000011d
100000ac:	1000011d 	.word	0x1000011d
100000b0:	1000011d 	.word	0x1000011d
100000b4:	1000011d 	.word	0x1000011d
100000b8:	1000011d 	.word	0x1000011d
100000bc:	1000011d 	.word	0x1000011d
100000c0:	1000011d 	.word	0x1000011d
100000c4:	1000011d 	.word	0x1000011d
100000c8:	1000011d 	.word	0x1000011d
100000cc:	1000011d 	.word	0x1000011d
100000d0:	1000011d 	.word	0x1000011d
100000d4:	1000011d 	.word	0x1000011d
100000d8:	1000011d 	.word	0x1000011d
100000dc:	1000011d 	.word	0x1000011d
100000e0:	1000011d 	.word	0x1000011d
100000e4:	1000011d 	.word	0x1000011d
100000e8:	1000011d 	.word	0x1000011d
100000ec:	1000011d 	.word	0x1000011d
100000f0:	1000011d 	.word	0x1000011d
100000f4:	1000011d 	.word	0x1000011d
100000f8:	1000011d 	.word	0x1000011d
100000fc:	1000011d 	.word	0x1000011d
10000100:	1000011d 	.word	0x1000011d
10000104:	1000011d 	.word	0x1000011d
10000108:	1000011d 	.word	0x1000011d
1000010c:	1000011d 	.word	0x1000011d

10000110 <isr_invalid>:
10000110:	be00      	bkpt	0x0000

10000112 <isr_nmi>:
10000112:	be00      	bkpt	0x0000

10000114 <isr_hardfault>:
10000114:	be00      	bkpt	0x0000

10000116 <isr_svcall>:
10000116:	be00      	bkpt	0x0000

10000118 <isr_pendsv>:
10000118:	be00      	bkpt	0x0000

1000011a <isr_systick>:
1000011a:	be00      	bkpt	0x0000

1000011c <__unhandled_user_irq>:
1000011c:	f3ef 8005 	mrs	r0, IPSR
10000120:	3810      	subs	r0, #16

10000122 <unhandled_user_irq_num_in_r0>:
10000122:	be00      	bkpt	0x0000

10000124 <binary_info_header>:
10000124:	7188ebf2 	.word	0x7188ebf2
10000128:	10013a94 	.word	0x10013a94
1000012c:	10013ab4 	.word	0x10013ab4
10000130:	100001a8 	.word	0x100001a8
10000134:	e71aa390 	.word	0xe71aa390

10000138 <__binary_info_header_end>:
10000138:	ffffded3 	.word	0xffffded3
1000013c:	10210142 	.word	0x10210142
10000140:	000001ff 	.word	0x000001ff
10000144:	00015140 	.word	0x00015140
10000148:	ab123579 	.word	0xab123579

1000014c <_entry_point>:
1000014c:	f04f 0000 	mov.w	r0, #0

10000150 <_enter_vtable_in_r0>:
10000150:	4920      	ldr	r1, [pc, #128]	@ (100001d4 <data_cpy_table+0x2c>)
10000152:	6008      	str	r0, [r1, #0]
10000154:	c806      	ldmia	r0!, {r1, r2}
10000156:	f381 8808 	msr	MSP, r1
1000015a:	4710      	bx	r2

1000015c <_reset_handler>:
1000015c:	f04f 4050 	mov.w	r0, #3489660928	@ 0xd0000000
10000160:	6800      	ldr	r0, [r0, #0]
10000162:	b110      	cbz	r0, 1000016a <hold_non_core0_in_bootrom+0x6>

10000164 <hold_non_core0_in_bootrom>:
10000164:	f04f 0000 	mov.w	r0, #0
10000168:	e7f2      	b.n	10000150 <_enter_vtable_in_r0>
1000016a:	a40f      	add	r4, pc, #60	@ (adr r4, 100001a8 <data_cpy_table>)
1000016c:	cc0e      	ldmia	r4!, {r1, r2, r3}
1000016e:	2900      	cmp	r1, #0
10000170:	d002      	beq.n	10000178 <hold_non_core0_in_bootrom+0x14>
10000172:	f000 f815 	bl	100001a0 <data_cpy>
10000176:	e7f9      	b.n	1000016c <hold_non_core0_in_bootrom+0x8>
10000178:	4917      	ldr	r1, [pc, #92]	@ (100001d8 <data_cpy_table+0x30>)
1000017a:	4a18      	ldr	r2, [pc, #96]	@ (100001dc <data_cpy_table+0x34>)
1000017c:	2000      	movs	r0, #0
1000017e:	e000      	b.n	10000182 <bss_fill_test>

10000180 <bss_fill_loop>:
10000180:	c101      	stmia	r1!, {r0}

10000182 <bss_fill_test>:
10000182:	4291      	cmp	r1, r2
10000184:	d1fc      	bne.n	10000180 <bss_fill_loop>

10000186 <platform_entry>:
10000186:	2000      	movs	r0, #0
10000188:	f380 880a 	msr	MSPLIM, r0
1000018c:	4914      	ldr	r1, [pc, #80]	@ (100001e0 <data_cpy_table+0x38>)
1000018e:	4788      	blx	r1
10000190:	4914      	ldr	r1, [pc, #80]	@ (100001e4 <data_cpy_table+0x3c>)
10000192:	4788      	blx	r1
10000194:	4914      	ldr	r1, [pc, #80]	@ (100001e8 <data_cpy_table+0x40>)
10000196:	4788      	blx	r1
10000198:	be00      	bkpt	0x0000
1000019a:	e7fd      	b.n	10000198 <platform_entry+0x12>

1000019c <data_cpy_loop>:
1000019c:	c901      	ldmia	r1!, {r0}
1000019e:	c201      	stmia	r2!, {r0}

100001a0 <data_cpy>:
100001a0:	429a      	cmp	r2, r3
100001a2:	d3fb      	bcc.n	1000019c <data_cpy_loop>
100001a4:	4770      	bx	lr
100001a6:	bf00      	nop

100001a8 <data_cpy_table>:
100001a8:	10013ab4 	.word	0x10013ab4
100001ac:	20000110 	.word	0x20000110
100001b0:	200018d4 	.word	0x200018d4
100001b4:	10015278 	.word	0x10015278
100001b8:	20080000 	.word	0x20080000
100001bc:	20080000 	.word	0x20080000
100001c0:	10015278 	.word	0x10015278
100001c4:	20081000 	.word	0x20081000
100001c8:	20081000 	.word	0x20081000
100001cc:	00000000 	.word	0x00000000
100001d0:	4770      	bx	lr
100001d2:	0000      	.short	0x0000
100001d4:	e000ed08 	.word	0xe000ed08
100001d8:	200018d4 	.word	0x200018d4
100001dc:	20002900 	.word	0x20002900
100001e0:	100038a9 	.word	0x100038a9
100001e4:	100002b1 	.word	0x100002b1
100001e8:	1000386d 	.word	0x1000386d

100001ec <_init>:
100001ec:	b5f8      	push	{r3, r4, r5, r6, r7, lr}
100001ee:	bf00      	nop

100001f0 <register_tm_clones>:
100001f0:	4b06      	ldr	r3, [pc, #24]	@ (1000020c <register_tm_clones+0x1c>)
100001f2:	4907      	ldr	r1, [pc, #28]	@ (10000210 <register_tm_clones+0x20>)
100001f4:	1ac9      	subs	r1, r1, r3
100001f6:	1089      	asrs	r1, r1, #2
100001f8:	bf48      	it	mi
100001fa:	3101      	addmi	r1, #1
100001fc:	1049      	asrs	r1, r1, #1
100001fe:	d003      	beq.n	10000208 <register_tm_clones+0x18>
10000200:	4b04      	ldr	r3, [pc, #16]	@ (10000214 <register_tm_clones+0x24>)
10000202:	b10b      	cbz	r3, 10000208 <register_tm_clones+0x18>
10000204:	4801      	ldr	r0, [pc, #4]	@ (1000020c <register_tm_clones+0x1c>)
10000206:	4718      	bx	r3
10000208:	4770      	bx	lr
1000020a:	bf00      	nop
1000020c:	200018d4 	.word	0x200018d4
10000210:	200018d4 	.word	0x200018d4
10000214:	00000000 	.word	0x00000000

10000218 <frame_dummy>:
10000218:	b508      	push	{r3, lr}
1000021a:	4b05      	ldr	r3, [pc, #20]	@ (10000230 <frame_dummy+0x18>)
1000021c:	b11b      	cbz	r3, 10000226 <frame_dummy+0xe>
1000021e:	4905      	ldr	r1, [pc, #20]	@ (10000234 <frame_dummy+0x1c>)
10000220:	4805      	ldr	r0, [pc, #20]	@ (10000238 <frame_dummy+0x20>)
10000222:	f3af 8000 	nop.w
10000226:	e8bd 4008 	ldmia.w	sp!, {r3, lr}
1000022a:	f7ff bfe1 	b.w	100001f0 <register_tm_clones>
1000022e:	bf00      	nop
10000230:	00000000 	.word	0x00000000
10000234:	20002888 	.word	0x20002888
10000238:	1000c428 	.word	0x1000c428

1000023c <_ZL19make_gpio_input_hizj>:
1000023c:	b510      	push	{r4, lr}
1000023e:	4604      	mov	r4, r0
10000240:	f000 f9ee 	bl	10000620 <gpio_init>
10000244:	2200      	movs	r2, #0
10000246:	ec42 4044 	gpioc_bit_oe_put r4, r2
1000024a:	4620      	mov	r0, r4
1000024c:	e8bd 4010 	ldmia.w	sp!, {r4, lr}
10000250:	4611      	mov	r1, r2
10000252:	f000 b9d1 	b.w	100005f8 <gpio_set_pulls>
10000256:	bf00      	nop

10000258 <_ZL12debug_printfPKcz>:
10000258:	b40f      	push	{r0, r1, r2, r3}
1000025a:	b500      	push	{lr}
1000025c:	b083      	sub	sp, #12
1000025e:	a904      	add	r1, sp, #16
10000260:	f851 0b04 	ldr.w	r0, [r1], #4
10000264:	9101      	str	r1, [sp, #4]
10000266:	f003 fd2f 	bl	10003cc8 <__wrap_vprintf>
1000026a:	200a      	movs	r0, #10
1000026c:	f003 fccc 	bl	10003c08 <__wrap_putchar>
10000270:	4b04      	ldr	r3, [pc, #16]	@ (10000284 <_ZL12debug_printfPKcz+0x2c>)
10000272:	681b      	ldr	r3, [r3, #0]
10000274:	6898      	ldr	r0, [r3, #8]
10000276:	f006 fead 	bl	10006fd4 <fflush>
1000027a:	b003      	add	sp, #12
1000027c:	f85d eb04 	ldr.w	lr, [sp], #4
10000280:	b004      	add	sp, #16
10000282:	4770      	bx	lr
10000284:	2000163c 	.word	0x2000163c

10000288 <_ZL14log_gpio_levelPKcj>:
10000288:	b410      	push	{r4}
1000028a:	f04f 4450 	mov.w	r4, #3489660928	@ 0xd0000000
1000028e:	460a      	mov	r2, r1
10000290:	2301      	movs	r3, #1
10000292:	6864      	ldr	r4, [r4, #4]
10000294:	4093      	lsls	r3, r2
10000296:	4223      	tst	r3, r4
10000298:	4601      	mov	r1, r0
1000029a:	bf14      	ite	ne
1000029c:	2301      	movne	r3, #1
1000029e:	2300      	moveq	r3, #0
100002a0:	4802      	ldr	r0, [pc, #8]	@ (100002ac <_ZL14log_gpio_levelPKcj+0x24>)
100002a2:	f85d 4b04 	ldr.w	r4, [sp], #4
100002a6:	f7ff bfd7 	b.w	10000258 <_ZL12debug_printfPKcz>
100002aa:	bf00      	nop
100002ac:	1000c428 	.word	0x1000c428

100002b0 <main>:
100002b0:	e92d 4ff0 	stmdb	sp!, {r4, r5, r6, r7, r8, r9, sl, fp, lr}
100002b4:	ed2d 8b02 	vpush	{d8}
100002b8:	f04f 4450 	mov.w	r4, #3489660928	@ 0xd0000000
100002bc:	b087      	sub	sp, #28
100002be:	2000      	movs	r0, #0
100002c0:	f7ff ffbc 	bl	1000023c <_ZL19make_gpio_input_hizj>
100002c4:	2002      	movs	r0, #2
100002c6:	f7ff ffb9 	bl	1000023c <_ZL19make_gpio_input_hizj>
100002ca:	2003      	movs	r0, #3
100002cc:	f7ff ffb6 	bl	1000023c <_ZL19make_gpio_input_hizj>
100002d0:	2006      	movs	r0, #6
100002d2:	f7ff ffb3 	bl	1000023c <_ZL19make_gpio_input_hizj>
100002d6:	2007      	movs	r0, #7
100002d8:	f7ff ffb0 	bl	1000023c <_ZL19make_gpio_input_hizj>
100002dc:	f004 f86c 	bl	100043b8 <stdio_usb_init>
100002e0:	2314      	movs	r3, #20
100002e2:	2215      	movs	r2, #21
100002e4:	f44f 31e1 	mov.w	r1, #115200	@ 0x1c200
100002e8:	488b      	ldr	r0, [pc, #556]	@ (10000518 <main+0x268>)
100002ea:	f003 fe35 	bl	10003f58 <stdio_uart_init_full>
100002ee:	488b      	ldr	r0, [pc, #556]	@ (1000051c <main+0x26c>)
100002f0:	f7ff ffb2 	bl	10000258 <_ZL12debug_printfPKcz>
100002f4:	498a      	ldr	r1, [pc, #552]	@ (10000520 <main+0x270>)
100002f6:	488b      	ldr	r0, [pc, #556]	@ (10000524 <main+0x274>)
100002f8:	f7ff ffae 	bl	10000258 <_ZL12debug_printfPKcz>
100002fc:	4a8a      	ldr	r2, [pc, #552]	@ (10000528 <main+0x278>)
100002fe:	498b      	ldr	r1, [pc, #556]	@ (1000052c <main+0x27c>)
10000300:	488b      	ldr	r0, [pc, #556]	@ (10000530 <main+0x280>)
10000302:	f7ff ffa9 	bl	10000258 <_ZL12debug_printfPKcz>
10000306:	498b      	ldr	r1, [pc, #556]	@ (10000534 <main+0x284>)
10000308:	488b      	ldr	r0, [pc, #556]	@ (10000538 <main+0x288>)
1000030a:	f7ff ffa5 	bl	10000258 <_ZL12debug_printfPKcz>
1000030e:	498b      	ldr	r1, [pc, #556]	@ (1000053c <main+0x28c>)
10000310:	488b      	ldr	r0, [pc, #556]	@ (10000540 <main+0x290>)
10000312:	f7ff ffa1 	bl	10000258 <_ZL12debug_printfPKcz>
10000316:	f44f 31e1 	mov.w	r1, #115200	@ 0x1c200
1000031a:	488a      	ldr	r0, [pc, #552]	@ (10000544 <main+0x294>)
1000031c:	f7ff ff9c 	bl	10000258 <_ZL12debug_printfPKcz>
10000320:	2115      	movs	r1, #21
10000322:	4889      	ldr	r0, [pc, #548]	@ (10000548 <main+0x298>)
10000324:	f7ff ff98 	bl	10000258 <_ZL12debug_printfPKcz>
10000328:	2114      	movs	r1, #20
1000032a:	4888      	ldr	r0, [pc, #544]	@ (1000054c <main+0x29c>)
1000032c:	f7ff ff94 	bl	10000258 <_ZL12debug_printfPKcz>
10000330:	4887      	ldr	r0, [pc, #540]	@ (10000550 <main+0x2a0>)
10000332:	f7ff ff91 	bl	10000258 <_ZL12debug_printfPKcz>
10000336:	4887      	ldr	r0, [pc, #540]	@ (10000554 <main+0x2a4>)
10000338:	f7ff ff8e 	bl	10000258 <_ZL12debug_printfPKcz>
1000033c:	6861      	ldr	r1, [r4, #4]
1000033e:	4886      	ldr	r0, [pc, #536]	@ (10000558 <main+0x2a8>)
10000340:	f3c1 5140 	ubfx	r1, r1, #21, #1
10000344:	f7ff ff88 	bl	10000258 <_ZL12debug_printfPKcz>
10000348:	6861      	ldr	r1, [r4, #4]
1000034a:	4884      	ldr	r0, [pc, #528]	@ (1000055c <main+0x2ac>)
1000034c:	f3c1 5100 	ubfx	r1, r1, #20, #1
10000350:	f7ff ff82 	bl	10000258 <_ZL12debug_printfPKcz>
10000354:	6861      	ldr	r1, [r4, #4]
10000356:	4882      	ldr	r0, [pc, #520]	@ (10000560 <main+0x2b0>)
10000358:	f3c1 5100 	ubfx	r1, r1, #20, #1
1000035c:	f7ff ff7c 	bl	10000258 <_ZL12debug_printfPKcz>
10000360:	6861      	ldr	r1, [r4, #4]
10000362:	4880      	ldr	r0, [pc, #512]	@ (10000564 <main+0x2b4>)
10000364:	f3c1 5140 	ubfx	r1, r1, #21, #1
10000368:	f7ff ff76 	bl	10000258 <_ZL12debug_printfPKcz>
1000036c:	2100      	movs	r1, #0
1000036e:	487e      	ldr	r0, [pc, #504]	@ (10000568 <main+0x2b8>)
10000370:	f7ff ff8a 	bl	10000288 <_ZL14log_gpio_levelPKcj>
10000374:	2102      	movs	r1, #2
10000376:	487d      	ldr	r0, [pc, #500]	@ (1000056c <main+0x2bc>)
10000378:	f7ff ff86 	bl	10000288 <_ZL14log_gpio_levelPKcj>
1000037c:	2103      	movs	r1, #3
1000037e:	487c      	ldr	r0, [pc, #496]	@ (10000570 <main+0x2c0>)
10000380:	f7ff ff82 	bl	10000288 <_ZL14log_gpio_levelPKcj>
10000384:	2106      	movs	r1, #6
10000386:	487b      	ldr	r0, [pc, #492]	@ (10000574 <main+0x2c4>)
10000388:	f7ff ff7e 	bl	10000288 <_ZL14log_gpio_levelPKcj>
1000038c:	2107      	movs	r1, #7
1000038e:	487a      	ldr	r0, [pc, #488]	@ (10000578 <main+0x2c8>)
10000390:	f7ff ff7a 	bl	10000288 <_ZL14log_gpio_levelPKcj>
10000394:	4879      	ldr	r0, [pc, #484]	@ (1000057c <main+0x2cc>)
10000396:	f7ff ff5f 	bl	10000258 <_ZL12debug_printfPKcz>
1000039a:	ed9f 8b5d 	vldr	d8, [pc, #372]	@ 10000510 <main+0x260>
1000039e:	4d78      	ldr	r5, [pc, #480]	@ (10000580 <main+0x2d0>)
100003a0:	4e78      	ldr	r6, [pc, #480]	@ (10000584 <main+0x2d4>)
100003a2:	4c79      	ldr	r4, [pc, #484]	@ (10000588 <main+0x2d8>)
100003a4:	f8df 8208 	ldr.w	r8, [pc, #520]	@ 100005b0 <main+0x300>
100003a8:	2700      	movs	r7, #0
100003aa:	4620      	mov	r0, r4
100003ac:	f003 fbe6 	bl	10003b7c <stdio_getchar_timeout_us>
100003b0:	b2c3      	uxtb	r3, r0
100003b2:	3002      	adds	r0, #2
100003b4:	d00f      	beq.n	100003d6 <main+0x126>
100003b6:	2b0a      	cmp	r3, #10
100003b8:	d013      	beq.n	100003e2 <main+0x132>
100003ba:	2b0d      	cmp	r3, #13
100003bc:	d0f5      	beq.n	100003aa <main+0xfa>
100003be:	2ffd      	cmp	r7, #253	@ 0xfd
100003c0:	f200 8094 	bhi.w	100004ec <main+0x23c>
100003c4:	4620      	mov	r0, r4
100003c6:	55eb      	strb	r3, [r5, r7]
100003c8:	f003 fbd8 	bl	10003b7c <stdio_getchar_timeout_us>
100003cc:	b2c3      	uxtb	r3, r0
100003ce:	3002      	adds	r0, #2
100003d0:	f107 0701 	add.w	r7, r7, #1
100003d4:	d1ef      	bne.n	100003b6 <main+0x106>
100003d6:	2f00      	cmp	r7, #0
100003d8:	d1e7      	bne.n	100003aa <main+0xfa>
100003da:	486c      	ldr	r0, [pc, #432]	@ (1000058c <main+0x2dc>)
100003dc:	f7ff ff3c 	bl	10000258 <_ZL12debug_printfPKcz>
100003e0:	e7e2      	b.n	100003a8 <main+0xf8>
100003e2:	2300      	movs	r3, #0
100003e4:	55eb      	strb	r3, [r5, r7]
100003e6:	2f00      	cmp	r7, #0
100003e8:	d0de      	beq.n	100003a8 <main+0xf8>
100003ea:	4641      	mov	r1, r8
100003ec:	4868      	ldr	r0, [pc, #416]	@ (10000590 <main+0x2e0>)
100003ee:	f003 fccf 	bl	10003d90 <__wrap_printf>
100003f2:	7829      	ldrb	r1, [r5, #0]
100003f4:	b1d9      	cbz	r1, 1000042e <main+0x17e>
100003f6:	f8df b188 	ldr.w	fp, [pc, #392]	@ 10000580 <main+0x2d0>
100003fa:	f8df 91b8 	ldr.w	r9, [pc, #440]	@ 100005b4 <main+0x304>
100003fe:	f8df a1b8 	ldr.w	sl, [pc, #440]	@ 100005b8 <main+0x308>
10000402:	e007      	b.n	10000414 <main+0x164>
10000404:	2b5e      	cmp	r3, #94	@ 0x5e
10000406:	d865      	bhi.n	100004d4 <main+0x224>
10000408:	4608      	mov	r0, r1
1000040a:	f003 fbfd 	bl	10003c08 <__wrap_putchar>
1000040e:	f81b 1f01 	ldrb.w	r1, [fp, #1]!
10000412:	b161      	cbz	r1, 1000042e <main+0x17e>
10000414:	2922      	cmp	r1, #34	@ 0x22
10000416:	f1a1 0320 	sub.w	r3, r1, #32
1000041a:	d001      	beq.n	10000420 <main+0x170>
1000041c:	295c      	cmp	r1, #92	@ 0x5c
1000041e:	d1f1      	bne.n	10000404 <main+0x154>
10000420:	4648      	mov	r0, r9
10000422:	f003 fcb5 	bl	10003d90 <__wrap_printf>
10000426:	f81b 1f01 	ldrb.w	r1, [fp, #1]!
1000042a:	2900      	cmp	r1, #0
1000042c:	d1f2      	bne.n	10000414 <main+0x164>
1000042e:	4859      	ldr	r0, [pc, #356]	@ (10000594 <main+0x2e4>)
10000430:	f003 fc2c 	bl	10003c8c <__wrap_puts>
10000434:	6833      	ldr	r3, [r6, #0]
10000436:	af04      	add	r7, sp, #16
10000438:	6898      	ldr	r0, [r3, #8]
1000043a:	f006 fdcb 	bl	10006fd4 <fflush>
1000043e:	4850      	ldr	r0, [pc, #320]	@ (10000580 <main+0x2d0>)
10000440:	f007 f932 	bl	100076a8 <strlen>
10000444:	4601      	mov	r1, r0
10000446:	4854      	ldr	r0, [pc, #336]	@ (10000598 <main+0x2e8>)
10000448:	f7ff ff06 	bl	10000258 <_ZL12debug_printfPKcz>
1000044c:	2200      	movs	r2, #0
1000044e:	4953      	ldr	r1, [pc, #332]	@ (1000059c <main+0x2ec>)
10000450:	e9cd 2202 	strd	r2, r2, [sp, #8]
10000454:	ab03      	add	r3, sp, #12
10000456:	aa02      	add	r2, sp, #8
10000458:	4849      	ldr	r0, [pc, #292]	@ (10000580 <main+0x2d0>)
1000045a:	9700      	str	r7, [sp, #0]
1000045c:	ed8d 8b04 	vstr	d8, [sp, #16]
10000460:	f006 fee2 	bl	10007228 <sscanf>
10000464:	e9dd 2304 	ldrd	r2, r3, [sp, #16]
10000468:	4681      	mov	r9, r0
1000046a:	e9cd 2300 	strd	r2, r3, [sp]
1000046e:	e9dd 2302 	ldrd	r2, r3, [sp, #8]
10000472:	4649      	mov	r1, r9
10000474:	484a      	ldr	r0, [pc, #296]	@ (100005a0 <main+0x2f0>)
10000476:	f7ff feef 	bl	10000258 <_ZL12debug_printfPKcz>
1000047a:	f1b9 0f03 	cmp.w	r9, #3
1000047e:	d031      	beq.n	100004e4 <main+0x234>
10000480:	4948      	ldr	r1, [pc, #288]	@ (100005a4 <main+0x2f4>)
10000482:	4843      	ldr	r0, [pc, #268]	@ (10000590 <main+0x2e0>)
10000484:	f003 fc84 	bl	10003d90 <__wrap_printf>
10000488:	7829      	ldrb	r1, [r5, #0]
1000048a:	b1d9      	cbz	r1, 100004c4 <main+0x214>
1000048c:	f8df b0f0 	ldr.w	fp, [pc, #240]	@ 10000580 <main+0x2d0>
10000490:	f8df 9120 	ldr.w	r9, [pc, #288]	@ 100005b4 <main+0x304>
10000494:	f8df a120 	ldr.w	sl, [pc, #288]	@ 100005b8 <main+0x308>
10000498:	e007      	b.n	100004aa <main+0x1fa>
1000049a:	2b5e      	cmp	r3, #94	@ 0x5e
1000049c:	d81e      	bhi.n	100004dc <main+0x22c>
1000049e:	4608      	mov	r0, r1
100004a0:	f003 fbb2 	bl	10003c08 <__wrap_putchar>
100004a4:	f81b 1f01 	ldrb.w	r1, [fp, #1]!
100004a8:	b161      	cbz	r1, 100004c4 <main+0x214>
100004aa:	2922      	cmp	r1, #34	@ 0x22
100004ac:	f1a1 0320 	sub.w	r3, r1, #32
100004b0:	d001      	beq.n	100004b6 <main+0x206>
100004b2:	295c      	cmp	r1, #92	@ 0x5c
100004b4:	d1f1      	bne.n	1000049a <main+0x1ea>
100004b6:	4648      	mov	r0, r9
100004b8:	f003 fc6a 	bl	10003d90 <__wrap_printf>
100004bc:	f81b 1f01 	ldrb.w	r1, [fp, #1]!
100004c0:	2900      	cmp	r1, #0
100004c2:	d1f2      	bne.n	100004aa <main+0x1fa>
100004c4:	4833      	ldr	r0, [pc, #204]	@ (10000594 <main+0x2e4>)
100004c6:	f003 fbe1 	bl	10003c8c <__wrap_puts>
100004ca:	6833      	ldr	r3, [r6, #0]
100004cc:	6898      	ldr	r0, [r3, #8]
100004ce:	f006 fd81 	bl	10006fd4 <fflush>
100004d2:	e769      	b.n	100003a8 <main+0xf8>
100004d4:	4650      	mov	r0, sl
100004d6:	f003 fc5b 	bl	10003d90 <__wrap_printf>
100004da:	e798      	b.n	1000040e <main+0x15e>
100004dc:	4650      	mov	r0, sl
100004de:	f003 fc57 	bl	10003d90 <__wrap_printf>
100004e2:	e7df      	b.n	100004a4 <main+0x1f4>
100004e4:	4830      	ldr	r0, [pc, #192]	@ (100005a8 <main+0x2f8>)
100004e6:	f7ff feb7 	bl	10000258 <_ZL12debug_printfPKcz>
100004ea:	e75d      	b.n	100003a8 <main+0xf8>
100004ec:	2300      	movs	r3, #0
100004ee:	f885 30fe 	strb.w	r3, [r5, #254]	@ 0xfe
100004f2:	e001      	b.n	100004f8 <main+0x248>
100004f4:	2b0a      	cmp	r3, #10
100004f6:	d005      	beq.n	10000504 <main+0x254>
100004f8:	4620      	mov	r0, r4
100004fa:	f003 fb3f 	bl	10003b7c <stdio_getchar_timeout_us>
100004fe:	b2c3      	uxtb	r3, r0
10000500:	3002      	adds	r0, #2
10000502:	d1f7      	bne.n	100004f4 <main+0x244>
10000504:	4829      	ldr	r0, [pc, #164]	@ (100005ac <main+0x2fc>)
10000506:	f7ff fea7 	bl	10000258 <_ZL12debug_printfPKcz>
1000050a:	e74d      	b.n	100003a8 <main+0xf8>
1000050c:	f3af 8000 	nop.w
	...
10000518:	40078000 	.word	0x40078000
1000051c:	1000c440 	.word	0x1000c440
10000520:	1000c44c 	.word	0x1000c44c
10000524:	1000c474 	.word	0x1000c474
10000528:	1000c488 	.word	0x1000c488
1000052c:	1000c494 	.word	0x1000c494
10000530:	1000c4a0 	.word	0x1000c4a0
10000534:	1000c4b8 	.word	0x1000c4b8
10000538:	1000c4cc 	.word	0x1000c4cc
1000053c:	1000c4dc 	.word	0x1000c4dc
10000540:	1000c4e4 	.word	0x1000c4e4
10000544:	1000c4fc 	.word	0x1000c4fc
10000548:	1000c510 	.word	0x1000c510
1000054c:	1000c524 	.word	0x1000c524
10000550:	1000c538 	.word	0x1000c538
10000554:	1000c54c 	.word	0x1000c54c
10000558:	1000c560 	.word	0x1000c560
1000055c:	1000c578 	.word	0x1000c578
10000560:	1000c590 	.word	0x1000c590
10000564:	1000c5a4 	.word	0x1000c5a4
10000568:	1000c5b8 	.word	0x1000c5b8
1000056c:	1000c5d0 	.word	0x1000c5d0
10000570:	1000c5e8 	.word	0x1000c5e8
10000574:	1000c600 	.word	0x1000c600
10000578:	1000c618 	.word	0x1000c618
1000057c:	1000c630 	.word	0x1000c630
10000580:	20001fe8 	.word	0x20001fe8
10000584:	2000163c 	.word	0x2000163c
10000588:	001e8480 	.word	0x001e8480
1000058c:	1000c6f4 	.word	0x1000c6f4
10000590:	1000c64c 	.word	0x1000c64c
10000594:	1000c650 	.word	0x1000c650
10000598:	1000c654 	.word	0x1000c654
1000059c:	1000c664 	.word	0x1000c664
100005a0:	1000c670 	.word	0x1000c670
100005a4:	1000c6a4 	.word	0x1000c6a4
100005a8:	1000c6b4 	.word	0x1000c6b4
100005ac:	1000c6e0 	.word	0x1000c6e0
100005b0:	1000c640 	.word	0x1000c640
100005b4:	1000c698 	.word	0x1000c698
100005b8:	1000c69c 	.word	0x1000c69c

100005bc <gpio_set_function>:
100005bc:	b410      	push	{r4}
100005be:	f44f 7480 	mov.w	r4, #256	@ 0x100
100005c2:	4b0c      	ldr	r3, [pc, #48]	@ (100005f4 <gpio_set_function+0x38>)
100005c4:	f853 2020 	ldr.w	r2, [r3, r0, lsl #2]
100005c8:	eb03 0380 	add.w	r3, r3, r0, lsl #2
100005cc:	00c0      	lsls	r0, r0, #3
100005ce:	f082 0240 	eor.w	r2, r2, #64	@ 0x40
100005d2:	f100 4080 	add.w	r0, r0, #1073741824	@ 0x40000000
100005d6:	f503 5c80 	add.w	ip, r3, #4096	@ 0x1000
100005da:	f002 02c0 	and.w	r2, r2, #192	@ 0xc0
100005de:	f500 3020 	add.w	r0, r0, #163840	@ 0x28000
100005e2:	f503 5340 	add.w	r3, r3, #12288	@ 0x3000
100005e6:	f8cc 2000 	str.w	r2, [ip]
100005ea:	6041      	str	r1, [r0, #4]
100005ec:	601c      	str	r4, [r3, #0]
100005ee:	f85d 4b04 	ldr.w	r4, [sp], #4
100005f2:	4770      	bx	lr
100005f4:	40038004 	.word	0x40038004

100005f8 <gpio_set_pulls>:
100005f8:	b410      	push	{r4}
100005fa:	4c08      	ldr	r4, [pc, #32]	@ (1000061c <gpio_set_pulls+0x24>)
100005fc:	00c9      	lsls	r1, r1, #3
100005fe:	ea41 0182 	orr.w	r1, r1, r2, lsl #2
10000602:	f854 2020 	ldr.w	r2, [r4, r0, lsl #2]
10000606:	eb04 0380 	add.w	r3, r4, r0, lsl #2
1000060a:	4051      	eors	r1, r2
1000060c:	f503 5380 	add.w	r3, r3, #4096	@ 0x1000
10000610:	f001 010c 	and.w	r1, r1, #12
10000614:	f85d 4b04 	ldr.w	r4, [sp], #4
10000618:	6019      	str	r1, [r3, #0]
1000061a:	4770      	bx	lr
1000061c:	40038004 	.word	0x40038004

10000620 <gpio_init>:
10000620:	b430      	push	{r4, r5}
10000622:	f04f 0300 	mov.w	r3, #0
10000626:	ec43 0044 	gpioc_bit_oe_put r0, r3
1000062a:	ec43 0040 	gpioc_bit_out_put r0, r3
1000062e:	2505      	movs	r5, #5
10000630:	f44f 7480 	mov.w	r4, #256	@ 0x100
10000634:	4b0b      	ldr	r3, [pc, #44]	@ (10000664 <gpio_init+0x44>)
10000636:	00c2      	lsls	r2, r0, #3
10000638:	f853 1020 	ldr.w	r1, [r3, r0, lsl #2]
1000063c:	eb03 0080 	add.w	r0, r3, r0, lsl #2
10000640:	f081 0140 	eor.w	r1, r1, #64	@ 0x40
10000644:	f102 4380 	add.w	r3, r2, #1073741824	@ 0x40000000
10000648:	f503 3320 	add.w	r3, r3, #163840	@ 0x28000
1000064c:	f001 02c0 	and.w	r2, r1, #192	@ 0xc0
10000650:	f500 5180 	add.w	r1, r0, #4096	@ 0x1000
10000654:	f500 5040 	add.w	r0, r0, #12288	@ 0x3000
10000658:	600a      	str	r2, [r1, #0]
1000065a:	605d      	str	r5, [r3, #4]
1000065c:	6004      	str	r4, [r0, #0]
1000065e:	bc30      	pop	{r4, r5}
10000660:	4770      	bx	lr
10000662:	bf00      	nop
10000664:	40038004 	.word	0x40038004

10000668 <panic>:
10000668:	b40f      	push	{r0, r1, r2, r3}
1000066a:	b500      	push	{lr}
1000066c:	b083      	sub	sp, #12
1000066e:	9c04      	ldr	r4, [sp, #16]
10000670:	4807      	ldr	r0, [pc, #28]	@ (10000690 <panic+0x28>)
10000672:	f003 fb0b 	bl	10003c8c <__wrap_puts>
10000676:	b13c      	cbz	r4, 10000688 <panic+0x20>
10000678:	a905      	add	r1, sp, #20
1000067a:	4620      	mov	r0, r4
1000067c:	9101      	str	r1, [sp, #4]
1000067e:	f003 f89f 	bl	100037c0 <weak_raw_vprintf>
10000682:	4804      	ldr	r0, [pc, #16]	@ (10000694 <panic+0x2c>)
10000684:	f003 fb02 	bl	10003c8c <__wrap_puts>
10000688:	2001      	movs	r0, #1
1000068a:	f003 f8b1 	bl	100037f0 <_exit>
1000068e:	bf00      	nop
10000690:	1000c708 	.word	0x1000c708
10000694:	1000c718 	.word	0x1000c718

10000698 <hw_claim_or_assert>:
10000698:	b570      	push	{r4, r5, r6, lr}
1000069a:	4686      	mov	lr, r0
1000069c:	f3ef 8510 	mrs	r5, PRIMASK
100006a0:	b672      	cpsid	i
100006a2:	4c12      	ldr	r4, [pc, #72]	@ (100006ec <hw_claim_or_assert+0x54>)
100006a4:	e8d4 6fcf 	ldaexb	r6, [r4]
100006a8:	2001      	movs	r0, #1
100006aa:	2e00      	cmp	r6, #0
100006ac:	d1fa      	bne.n	100006a4 <hw_claim_or_assert+0xc>
100006ae:	e8c4 0f46 	strexb	r6, r0, [r4]
100006b2:	2e00      	cmp	r6, #0
100006b4:	d1f6      	bne.n	100006a4 <hw_claim_or_assert+0xc>
100006b6:	f3bf 8f5f 	dmb	sy
100006ba:	f04f 0c01 	mov.w	ip, #1
100006be:	08c8      	lsrs	r0, r1, #3
100006c0:	f001 0307 	and.w	r3, r1, #7
100006c4:	fa0c f303 	lsl.w	r3, ip, r3
100006c8:	f81e c000 	ldrb.w	ip, [lr, r0]
100006cc:	ea1c 0603 	ands.w	r6, ip, r3
100006d0:	d108      	bne.n	100006e4 <hw_claim_or_assert+0x4c>
100006d2:	ea4c 0c03 	orr.w	ip, ip, r3
100006d6:	f80e c000 	strb.w	ip, [lr, r0]
100006da:	e8c4 6f8f 	stlb	r6, [r4]
100006de:	f385 8810 	msr	PRIMASK, r5
100006e2:	bd70      	pop	{r4, r5, r6, pc}
100006e4:	4610      	mov	r0, r2
100006e6:	f7ff ffbf 	bl	10000668 <panic>
100006ea:	bf00      	nop
100006ec:	20002287 	.word	0x20002287

100006f0 <hw_claim_unused_from_range>:
100006f0:	b5f8      	push	{r3, r4, r5, r6, r7, lr}
100006f2:	f3ef 8510 	mrs	r5, PRIMASK
100006f6:	b672      	cpsid	i
100006f8:	4c23      	ldr	r4, [pc, #140]	@ (10000788 <hw_claim_unused_from_range+0x98>)
100006fa:	e8d4 7fcf 	ldaexb	r7, [r4]
100006fe:	2601      	movs	r6, #1
10000700:	2f00      	cmp	r7, #0
10000702:	d1fa      	bne.n	100006fa <hw_claim_unused_from_range+0xa>
10000704:	e8c4 6f47 	strexb	r7, r6, [r4]
10000708:	2f00      	cmp	r7, #0
1000070a:	d1f6      	bne.n	100006fa <hw_claim_unused_from_range+0xa>
1000070c:	f3bf 8f5f 	dmb	sy
10000710:	429a      	cmp	r2, r3
10000712:	d827      	bhi.n	10000764 <hw_claim_unused_from_range+0x74>
10000714:	2601      	movs	r6, #1
10000716:	08d7      	lsrs	r7, r2, #3
10000718:	f810 e007 	ldrb.w	lr, [r0, r7]
1000071c:	f002 0c07 	and.w	ip, r2, #7
10000720:	fa06 fc0c 	lsl.w	ip, r6, ip
10000724:	ea1e 0f0c 	tst.w	lr, ip
10000728:	eb00 07d2 	add.w	r7, r0, r2, lsr #3
1000072c:	d10d      	bne.n	1000074a <hw_claim_unused_from_range+0x5a>
1000072e:	e025      	b.n	1000077c <hw_claim_unused_from_range+0x8c>
10000730:	ea4f 0ed2 	mov.w	lr, r2, lsr #3
10000734:	f810 e00e 	ldrb.w	lr, [r0, lr]
10000738:	f002 0c07 	and.w	ip, r2, #7
1000073c:	fa06 fc0c 	lsl.w	ip, r6, ip
10000740:	ea1e 0f0c 	tst.w	lr, ip
10000744:	eb00 07d2 	add.w	r7, r0, r2, lsr #3
10000748:	d018      	beq.n	1000077c <hw_claim_unused_from_range+0x8c>
1000074a:	3201      	adds	r2, #1
1000074c:	4293      	cmp	r3, r2
1000074e:	d2ef      	bcs.n	10000730 <hw_claim_unused_from_range+0x40>
10000750:	f04f 30ff 	mov.w	r0, #4294967295
10000754:	2300      	movs	r3, #0
10000756:	e8c4 3f8f 	stlb	r3, [r4]
1000075a:	f385 8810 	msr	PRIMASK, r5
1000075e:	4298      	cmp	r0, r3
10000760:	db07      	blt.n	10000772 <hw_claim_unused_from_range+0x82>
10000762:	bdf8      	pop	{r3, r4, r5, r6, r7, pc}
10000764:	2300      	movs	r3, #0
10000766:	e8c4 3f8f 	stlb	r3, [r4]
1000076a:	f385 8810 	msr	PRIMASK, r5
1000076e:	f04f 30ff 	mov.w	r0, #4294967295
10000772:	2900      	cmp	r1, #0
10000774:	d0f5      	beq.n	10000762 <hw_claim_unused_from_range+0x72>
10000776:	9806      	ldr	r0, [sp, #24]
10000778:	f7ff ff76 	bl	10000668 <panic>
1000077c:	ea4e 0e0c 	orr.w	lr, lr, ip
10000780:	4610      	mov	r0, r2
10000782:	f887 e000 	strb.w	lr, [r7]
10000786:	e7e5      	b.n	10000754 <hw_claim_unused_from_range+0x64>
10000788:	20002287 	.word	0x20002287

1000078c <next_striped_spin_lock_num>:
1000078c:	4a04      	ldr	r2, [pc, #16]	@ (100007a0 <next_striped_spin_lock_num+0x14>)
1000078e:	7810      	ldrb	r0, [r2, #0]
10000790:	1c43      	adds	r3, r0, #1
10000792:	b2db      	uxtb	r3, r3
10000794:	2b18      	cmp	r3, #24
10000796:	bf28      	it	cs
10000798:	2310      	movcs	r3, #16
1000079a:	7013      	strb	r3, [r2, #0]
1000079c:	4770      	bx	lr
1000079e:	bf00      	nop
100007a0:	20001168 	.word	0x20001168

100007a4 <spin_lock_claim_unused>:
100007a4:	b510      	push	{r4, lr}
100007a6:	4c05      	ldr	r4, [pc, #20]	@ (100007bc <spin_lock_claim_unused+0x18>)
100007a8:	b082      	sub	sp, #8
100007aa:	4601      	mov	r1, r0
100007ac:	231f      	movs	r3, #31
100007ae:	2218      	movs	r2, #24
100007b0:	9400      	str	r4, [sp, #0]
100007b2:	4803      	ldr	r0, [pc, #12]	@ (100007c0 <spin_lock_claim_unused+0x1c>)
100007b4:	f7ff ff9c 	bl	100006f0 <hw_claim_unused_from_range>
100007b8:	b002      	add	sp, #8
100007ba:	bd10      	pop	{r4, pc}
100007bc:	1000c71c 	.word	0x1000c71c
100007c0:	20002410 	.word	0x20002410

100007c4 <spinlock_set_extexclall>:
100007c4:	f04f 22e0 	mov.w	r2, #3758153728	@ 0xe000e000
100007c8:	6893      	ldr	r3, [r2, #8]
100007ca:	f043 5300 	orr.w	r3, r3, #536870912	@ 0x20000000
100007ce:	6093      	str	r3, [r2, #8]
100007d0:	4770      	bx	lr
100007d2:	bf00      	nop

100007d4 <spin_locks_reset>:
100007d4:	2100      	movs	r1, #0
100007d6:	4b04      	ldr	r3, [pc, #16]	@ (100007e8 <spin_locks_reset+0x14>)
100007d8:	f103 0220 	add.w	r2, r3, #32
100007dc:	e8c3 1f8f 	stlb	r1, [r3]
100007e0:	3301      	adds	r3, #1
100007e2:	4293      	cmp	r3, r2
100007e4:	d1fa      	bne.n	100007dc <spin_locks_reset+0x8>
100007e6:	4770      	bx	lr
100007e8:	2000227c 	.word	0x2000227c

100007ec <runtime_init_per_core_irq_priorities>:
100007ec:	f04f 23e0 	mov.w	r3, #3758153728	@ 0xe000e000
100007f0:	f04f 3280 	mov.w	r2, #2155905152	@ 0x80808080
100007f4:	f8c3 2400 	str.w	r2, [r3, #1024]	@ 0x400
100007f8:	f8c3 2404 	str.w	r2, [r3, #1028]	@ 0x404
100007fc:	f8c3 2408 	str.w	r2, [r3, #1032]	@ 0x408
10000800:	f8c3 240c 	str.w	r2, [r3, #1036]	@ 0x40c
10000804:	f8c3 2410 	str.w	r2, [r3, #1040]	@ 0x410
10000808:	f8c3 2414 	str.w	r2, [r3, #1044]	@ 0x414
1000080c:	f8c3 2418 	str.w	r2, [r3, #1048]	@ 0x418
10000810:	f8c3 241c 	str.w	r2, [r3, #1052]	@ 0x41c
10000814:	f8c3 2420 	str.w	r2, [r3, #1056]	@ 0x420
10000818:	f8c3 2424 	str.w	r2, [r3, #1060]	@ 0x424
1000081c:	f8c3 2428 	str.w	r2, [r3, #1064]	@ 0x428
10000820:	f8c3 242c 	str.w	r2, [r3, #1068]	@ 0x42c
10000824:	f8c3 2430 	str.w	r2, [r3, #1072]	@ 0x430
10000828:	4770      	bx	lr
1000082a:	bf00      	nop

1000082c <irq_set_enabled>:
1000082c:	2301      	movs	r3, #1
1000082e:	f000 021f 	and.w	r2, r0, #31
10000832:	4093      	lsls	r3, r2
10000834:	0940      	lsrs	r0, r0, #5
10000836:	b141      	cbz	r1, 1000084a <irq_set_enabled+0x1e>
10000838:	0080      	lsls	r0, r0, #2
1000083a:	f100 4060 	add.w	r0, r0, #3758096384	@ 0xe0000000
1000083e:	f500 4061 	add.w	r0, r0, #57600	@ 0xe100
10000842:	f8c0 3180 	str.w	r3, [r0, #384]	@ 0x180
10000846:	6003      	str	r3, [r0, #0]
10000848:	4770      	bx	lr
1000084a:	4a02      	ldr	r2, [pc, #8]	@ (10000854 <irq_set_enabled+0x28>)
1000084c:	3020      	adds	r0, #32
1000084e:	f842 3020 	str.w	r3, [r2, r0, lsl #2]
10000852:	4770      	bx	lr
10000854:	e000e100 	.word	0xe000e100

10000858 <irq_is_enabled>:
10000858:	2301      	movs	r3, #1
1000085a:	4a06      	ldr	r2, [pc, #24]	@ (10000874 <irq_is_enabled+0x1c>)
1000085c:	0941      	lsrs	r1, r0, #5
1000085e:	f852 2021 	ldr.w	r2, [r2, r1, lsl #2]
10000862:	f000 001f 	and.w	r0, r0, #31
10000866:	4083      	lsls	r3, r0
10000868:	4213      	tst	r3, r2
1000086a:	bf14      	ite	ne
1000086c:	2001      	movne	r0, #1
1000086e:	2000      	moveq	r0, #0
10000870:	4770      	bx	lr
10000872:	bf00      	nop
10000874:	e000e100 	.word	0xe000e100

10000878 <irq_set_pending>:
10000878:	2201      	movs	r2, #1
1000087a:	0943      	lsrs	r3, r0, #5
1000087c:	4903      	ldr	r1, [pc, #12]	@ (1000088c <irq_set_pending+0x14>)
1000087e:	f000 001f 	and.w	r0, r0, #31
10000882:	4082      	lsls	r2, r0
10000884:	3340      	adds	r3, #64	@ 0x40
10000886:	f841 2023 	str.w	r2, [r1, r3, lsl #2]
1000088a:	4770      	bx	lr
1000088c:	e000e100 	.word	0xe000e100

10000890 <irq_has_shared_handler>:
10000890:	4b06      	ldr	r3, [pc, #24]	@ (100008ac <irq_has_shared_handler+0x1c>)
10000892:	3010      	adds	r0, #16
10000894:	689b      	ldr	r3, [r3, #8]
10000896:	f853 0020 	ldr.w	r0, [r3, r0, lsl #2]
1000089a:	b128      	cbz	r0, 100008a8 <irq_has_shared_handler+0x18>
1000089c:	4b04      	ldr	r3, [pc, #16]	@ (100008b0 <irq_has_shared_handler+0x20>)
1000089e:	1ac0      	subs	r0, r0, r3
100008a0:	282f      	cmp	r0, #47	@ 0x2f
100008a2:	bf8c      	ite	hi
100008a4:	2000      	movhi	r0, #0
100008a6:	2001      	movls	r0, #1
100008a8:	4770      	bx	lr
100008aa:	bf00      	nop
100008ac:	e000ed00 	.word	0xe000ed00
100008b0:	2000116c 	.word	0x2000116c

100008b4 <irq_set_exclusive_handler>:
100008b4:	b5f8      	push	{r3, r4, r5, r6, r7, lr}
100008b6:	460d      	mov	r5, r1
100008b8:	f3ef 8710 	mrs	r7, PRIMASK
100008bc:	b672      	cpsid	i
100008be:	4e12      	ldr	r6, [pc, #72]	@ (10000908 <irq_set_exclusive_handler+0x54>)
100008c0:	e8d6 2fcf 	ldaexb	r2, [r6]
100008c4:	2301      	movs	r3, #1
100008c6:	2a00      	cmp	r2, #0
100008c8:	d1fa      	bne.n	100008c0 <irq_set_exclusive_handler+0xc>
100008ca:	e8c6 3f42 	strexb	r2, r3, [r6]
100008ce:	2a00      	cmp	r2, #0
100008d0:	d1f6      	bne.n	100008c0 <irq_set_exclusive_handler+0xc>
100008d2:	f3bf 8f5f 	dmb	sy
100008d6:	4b0d      	ldr	r3, [pc, #52]	@ (1000090c <irq_set_exclusive_handler+0x58>)
100008d8:	f100 0410 	add.w	r4, r0, #16
100008dc:	689b      	ldr	r3, [r3, #8]
100008de:	4a0c      	ldr	r2, [pc, #48]	@ (10000910 <irq_set_exclusive_handler+0x5c>)
100008e0:	f853 3024 	ldr.w	r3, [r3, r4, lsl #2]
100008e4:	4293      	cmp	r3, r2
100008e6:	d003      	beq.n	100008f0 <irq_set_exclusive_handler+0x3c>
100008e8:	4299      	cmp	r1, r3
100008ea:	d001      	beq.n	100008f0 <irq_set_exclusive_handler+0x3c>
100008ec:	f001 f810 	bl	10001910 <hard_assertion_failure>
100008f0:	4b06      	ldr	r3, [pc, #24]	@ (1000090c <irq_set_exclusive_handler+0x58>)
100008f2:	689b      	ldr	r3, [r3, #8]
100008f4:	f843 5024 	str.w	r5, [r3, r4, lsl #2]
100008f8:	f3bf 8f5f 	dmb	sy
100008fc:	2300      	movs	r3, #0
100008fe:	e8c6 3f8f 	stlb	r3, [r6]
10000902:	f387 8810 	msr	PRIMASK, r7
10000906:	bdf8      	pop	{r3, r4, r5, r6, r7, pc}
10000908:	20002285 	.word	0x20002285
1000090c:	e000ed00 	.word	0xe000ed00
10000910:	1000011d 	.word	0x1000011d

10000914 <irq_add_shared_handler>:
10000914:	e92d 4ff0 	stmdb	sp!, {r4, r5, r6, r7, r8, r9, sl, fp, lr}
10000918:	4681      	mov	r9, r0
1000091a:	468b      	mov	fp, r1
1000091c:	4616      	mov	r6, r2
1000091e:	b083      	sub	sp, #12
10000920:	f3ef 8310 	mrs	r3, PRIMASK
10000924:	b672      	cpsid	i
10000926:	f8df a1d0 	ldr.w	sl, [pc, #464]	@ 10000af8 <irq_add_shared_handler+0x1e4>
1000092a:	9300      	str	r3, [sp, #0]
1000092c:	e8da 1fcf 	ldaexb	r1, [sl]
10000930:	2301      	movs	r3, #1
10000932:	2900      	cmp	r1, #0
10000934:	d1fa      	bne.n	1000092c <irq_add_shared_handler+0x18>
10000936:	e8ca 3f41 	strexb	r1, r3, [sl]
1000093a:	2900      	cmp	r1, #0
1000093c:	d1f6      	bne.n	1000092c <irq_add_shared_handler+0x18>
1000093e:	f3bf 8f5f 	dmb	sy
10000942:	4b66      	ldr	r3, [pc, #408]	@ (10000adc <irq_add_shared_handler+0x1c8>)
10000944:	f993 4000 	ldrsb.w	r4, [r3]
10000948:	2c00      	cmp	r4, #0
1000094a:	f2c0 80a0 	blt.w	10000a8e <irq_add_shared_handler+0x17a>
1000094e:	4d64      	ldr	r5, [pc, #400]	@ (10000ae0 <irq_add_shared_handler+0x1cc>)
10000950:	eb04 0744 	add.w	r7, r4, r4, lsl #1
10000954:	eb05 0887 	add.w	r8, r5, r7, lsl #2
10000958:	f898 1006 	ldrb.w	r1, [r8, #6]
1000095c:	f109 0910 	add.w	r9, r9, #16
10000960:	7019      	strb	r1, [r3, #0]
10000962:	4b60      	ldr	r3, [pc, #384]	@ (10000ae4 <irq_add_shared_handler+0x1d0>)
10000964:	00bf      	lsls	r7, r7, #2
10000966:	689b      	ldr	r3, [r3, #8]
10000968:	f853 0029 	ldr.w	r0, [r3, r9, lsl #2]
1000096c:	0063      	lsls	r3, r4, #1
1000096e:	1b41      	subs	r1, r0, r5
10000970:	292f      	cmp	r1, #47	@ 0x2f
10000972:	d92f      	bls.n	100009d4 <irq_add_shared_handler+0xc0>
10000974:	495c      	ldr	r1, [pc, #368]	@ (10000ae8 <irq_add_shared_handler+0x1d4>)
10000976:	4288      	cmp	r0, r1
10000978:	f040 80a4 	bne.w	10000ac4 <irq_add_shared_handler+0x1b0>
1000097c:	441c      	add	r4, r3
1000097e:	4b5b      	ldr	r3, [pc, #364]	@ (10000aec <irq_add_shared_handler+0x1d8>)
10000980:	3702      	adds	r7, #2
10000982:	442f      	add	r7, r5
10000984:	3b04      	subs	r3, #4
10000986:	1bdb      	subs	r3, r3, r7
10000988:	f3c3 034a 	ubfx	r3, r3, #1, #11
1000098c:	ea6f 43c3 	mvn.w	r3, r3, lsl #19
10000990:	f44f 4121 	mov.w	r1, #41216	@ 0xa100
10000994:	ea6f 43d3 	mvn.w	r3, r3, lsr #19
10000998:	f825 1024 	strh.w	r1, [r5, r4, lsl #2]
1000099c:	eb05 0484 	add.w	r4, r5, r4, lsl #2
100009a0:	8063      	strh	r3, [r4, #2]
100009a2:	f64b 5301 	movw	r3, #48385	@ 0xbd01
100009a6:	80a3      	strh	r3, [r4, #4]
100009a8:	23ff      	movs	r3, #255	@ 0xff
100009aa:	f048 0001 	orr.w	r0, r8, #1
100009ae:	71e6      	strb	r6, [r4, #7]
100009b0:	f8c4 b008 	str.w	fp, [r4, #8]
100009b4:	71a3      	strb	r3, [r4, #6]
100009b6:	4b4b      	ldr	r3, [pc, #300]	@ (10000ae4 <irq_add_shared_handler+0x1d0>)
100009b8:	689b      	ldr	r3, [r3, #8]
100009ba:	f843 0029 	str.w	r0, [r3, r9, lsl #2]
100009be:	f3bf 8f5f 	dmb	sy
100009c2:	2300      	movs	r3, #0
100009c4:	e8ca 3f8f 	stlb	r3, [sl]
100009c8:	9b00      	ldr	r3, [sp, #0]
100009ca:	f383 8810 	msr	PRIMASK, r3
100009ce:	b003      	add	sp, #12
100009d0:	e8bd 8ff0 	ldmia.w	sp!, {r4, r5, r6, r7, r8, r9, sl, fp, pc}
100009d4:	f020 0e01 	bic.w	lr, r0, #1
100009d8:	f89e 1007 	ldrb.w	r1, [lr, #7]
100009dc:	42b1      	cmp	r1, r6
100009de:	d82e      	bhi.n	10000a3e <irq_add_shared_handler+0x12a>
100009e0:	f44f 4321 	mov.w	r3, #41216	@ 0xa100
100009e4:	53eb      	strh	r3, [r5, r7]
100009e6:	4b41      	ldr	r3, [pc, #260]	@ (10000aec <irq_add_shared_handler+0x1d8>)
100009e8:	1cb9      	adds	r1, r7, #2
100009ea:	4429      	add	r1, r5
100009ec:	3b04      	subs	r3, #4
100009ee:	3704      	adds	r7, #4
100009f0:	1a5b      	subs	r3, r3, r1
100009f2:	442f      	add	r7, r5
100009f4:	f1ae 0104 	sub.w	r1, lr, #4
100009f8:	4c3d      	ldr	r4, [pc, #244]	@ (10000af0 <irq_add_shared_handler+0x1dc>)
100009fa:	1bc9      	subs	r1, r1, r7
100009fc:	f3c1 014a 	ubfx	r1, r1, #1, #11
10000a00:	4321      	orrs	r1, r4
10000a02:	f8a8 1004 	strh.w	r1, [r8, #4]
10000a06:	f3c3 034a 	ubfx	r3, r3, #1, #11
10000a0a:	493a      	ldr	r1, [pc, #232]	@ (10000af4 <irq_add_shared_handler+0x1e0>)
10000a0c:	4323      	orrs	r3, r4
10000a0e:	f8a8 3002 	strh.w	r3, [r8, #2]
10000a12:	f64a 20aa 	movw	r0, #43690	@ 0xaaaa
10000a16:	4673      	mov	r3, lr
10000a18:	1b5b      	subs	r3, r3, r5
10000a1a:	415b      	adcs	r3, r3
10000a1c:	4358      	muls	r0, r3
10000a1e:	0d00      	lsrs	r0, r0, #20
10000a20:	f888 6007 	strb.w	r6, [r8, #7]
10000a24:	f888 0006 	strb.w	r0, [r8, #6]
10000a28:	f8c8 b008 	str.w	fp, [r8, #8]
10000a2c:	f048 0001 	orr.w	r0, r8, #1
10000a30:	f8ce 1000 	str.w	r1, [lr]
10000a34:	e7bf      	b.n	100009b6 <irq_add_shared_handler+0xa2>
10000a36:	79d1      	ldrb	r1, [r2, #7]
10000a38:	42b1      	cmp	r1, r6
10000a3a:	d92e      	bls.n	10000a9a <irq_add_shared_handler+0x186>
10000a3c:	4696      	mov	lr, r2
10000a3e:	f99e c006 	ldrsb.w	ip, [lr, #6]
10000a42:	eb0c 024c 	add.w	r2, ip, ip, lsl #1
10000a46:	f1bc 0f00 	cmp.w	ip, #0
10000a4a:	eb05 0282 	add.w	r2, r5, r2, lsl #2
10000a4e:	daf2      	bge.n	10000a36 <irq_add_shared_handler+0x122>
10000a50:	f64b 5101 	movw	r1, #48385	@ 0xbd01
10000a54:	f10e 0204 	add.w	r2, lr, #4
10000a58:	f1a8 0704 	sub.w	r7, r8, #4
10000a5c:	1abf      	subs	r7, r7, r2
10000a5e:	f3c7 074a 	ubfx	r7, r7, #1, #11
10000a62:	ea6f 47c7 	mvn.w	r7, r7, lsl #19
10000a66:	ea6f 47d7 	mvn.w	r7, r7, lsr #19
10000a6a:	f88e 4006 	strb.w	r4, [lr, #6]
10000a6e:	eb03 0804 	add.w	r8, r3, r4
10000a72:	4c20      	ldr	r4, [pc, #128]	@ (10000af4 <irq_add_shared_handler+0x1e0>)
10000a74:	eb05 0388 	add.w	r3, r5, r8, lsl #2
10000a78:	f8ae 7004 	strh.w	r7, [lr, #4]
10000a7c:	f845 4028 	str.w	r4, [r5, r8, lsl #2]
10000a80:	8099      	strh	r1, [r3, #4]
10000a82:	f883 c006 	strb.w	ip, [r3, #6]
10000a86:	71de      	strb	r6, [r3, #7]
10000a88:	f8c3 b008 	str.w	fp, [r3, #8]
10000a8c:	e793      	b.n	100009b6 <irq_add_shared_handler+0xa2>
10000a8e:	f000 ff3f 	bl	10001910 <hard_assertion_failure>
10000a92:	4b12      	ldr	r3, [pc, #72]	@ (10000adc <irq_add_shared_handler+0x1c8>)
10000a94:	f993 4000 	ldrsb.w	r4, [r3]
10000a98:	e759      	b.n	1000094e <irq_add_shared_handler+0x3a>
10000a9a:	4672      	mov	r2, lr
10000a9c:	f832 1f04 	ldrh.w	r1, [r2, #4]!
10000aa0:	0549      	lsls	r1, r1, #21
10000aa2:	d414      	bmi.n	10000ace <irq_add_shared_handler+0x1ba>
10000aa4:	1549      	asrs	r1, r1, #21
10000aa6:	3102      	adds	r1, #2
10000aa8:	eb02 0141 	add.w	r1, r2, r1, lsl #1
10000aac:	9101      	str	r1, [sp, #4]
10000aae:	f06f 0107 	mvn.w	r1, #7
10000ab2:	1bc9      	subs	r1, r1, r7
10000ab4:	9f01      	ldr	r7, [sp, #4]
10000ab6:	1b49      	subs	r1, r1, r5
10000ab8:	4439      	add	r1, r7
10000aba:	f3c1 014a 	ubfx	r1, r1, #1, #11
10000abe:	f441 4160 	orr.w	r1, r1, #57344	@ 0xe000
10000ac2:	e7c9      	b.n	10000a58 <irq_add_shared_handler+0x144>
10000ac4:	9301      	str	r3, [sp, #4]
10000ac6:	f000 ff23 	bl	10001910 <hard_assertion_failure>
10000aca:	9b01      	ldr	r3, [sp, #4]
10000acc:	e756      	b.n	1000097c <irq_add_shared_handler+0x68>
10000ace:	f501 11ff 	add.w	r1, r1, #2088960	@ 0x1fe000
10000ad2:	f501 51ff 	add.w	r1, r1, #8160	@ 0x1fe0
10000ad6:	311f      	adds	r1, #31
10000ad8:	e7e4      	b.n	10000aa4 <irq_add_shared_handler+0x190>
10000ada:	bf00      	nop
10000adc:	200028f8 	.word	0x200028f8
10000ae0:	2000116c 	.word	0x2000116c
10000ae4:	e000ed00 	.word	0xe000ed00
10000ae8:	1000011d 	.word	0x1000011d
10000aec:	2000119c 	.word	0x2000119c
10000af0:	ffffe000 	.word	0xffffe000
10000af4:	47804801 	.word	0x47804801
10000af8:	20002285 	.word	0x20002285

10000afc <irq_remove_handler>:
10000afc:	e92d 4ff0 	stmdb	sp!, {r4, r5, r6, r7, r8, r9, sl, fp, lr}
10000b00:	b083      	sub	sp, #12
10000b02:	f3ef 8a10 	mrs	sl, PRIMASK
10000b06:	b672      	cpsid	i
10000b08:	4e74      	ldr	r6, [pc, #464]	@ (10000cdc <irq_remove_handler+0x1e0>)
10000b0a:	e8d6 2fcf 	ldaexb	r2, [r6]
10000b0e:	2301      	movs	r3, #1
10000b10:	2a00      	cmp	r2, #0
10000b12:	d1fa      	bne.n	10000b0a <irq_remove_handler+0xe>
10000b14:	e8c6 3f42 	strexb	r2, r3, [r6]
10000b18:	2a00      	cmp	r2, #0
10000b1a:	d1f6      	bne.n	10000b0a <irq_remove_handler+0xe>
10000b1c:	f3bf 8f5f 	dmb	sy
10000b20:	4b6f      	ldr	r3, [pc, #444]	@ (10000ce0 <irq_remove_handler+0x1e4>)
10000b22:	f100 0810 	add.w	r8, r0, #16
10000b26:	689b      	ldr	r3, [r3, #8]
10000b28:	4a6e      	ldr	r2, [pc, #440]	@ (10000ce4 <irq_remove_handler+0x1e8>)
10000b2a:	f853 5028 	ldr.w	r5, [r3, r8, lsl #2]
10000b2e:	4295      	cmp	r5, r2
10000b30:	d03f      	beq.n	10000bb2 <irq_remove_handler+0xb6>
10000b32:	428d      	cmp	r5, r1
10000b34:	460c      	mov	r4, r1
10000b36:	d04a      	beq.n	10000bce <irq_remove_handler+0xd2>
10000b38:	4f6b      	ldr	r7, [pc, #428]	@ (10000ce8 <irq_remove_handler+0x1ec>)
10000b3a:	1beb      	subs	r3, r5, r7
10000b3c:	2b2f      	cmp	r3, #47	@ 0x2f
10000b3e:	d838      	bhi.n	10000bb2 <irq_remove_handler+0xb6>
10000b40:	2101      	movs	r1, #1
10000b42:	ea4f 1950 	mov.w	r9, r0, lsr #5
10000b46:	ea4f 0989 	mov.w	r9, r9, lsl #2
10000b4a:	f109 4960 	add.w	r9, r9, #3758096384	@ 0xe0000000
10000b4e:	f509 4961 	add.w	r9, r9, #57600	@ 0xe100
10000b52:	f000 031f 	and.w	r3, r0, #31
10000b56:	fa01 f003 	lsl.w	r0, r1, r3
10000b5a:	f8d9 3000 	ldr.w	r3, [r9]
10000b5e:	f8c9 0080 	str.w	r0, [r9, #128]	@ 0x80
10000b62:	ea00 0b03 	and.w	fp, r0, r3
10000b66:	f3bf 8f5f 	dmb	sy
10000b6a:	f3ef 8105 	mrs	r1, IPSR
10000b6e:	b2c9      	uxtb	r1, r1
10000b70:	b379      	cbz	r1, 10000bd2 <irq_remove_handler+0xd6>
10000b72:	4588      	cmp	r8, r1
10000b74:	d177      	bne.n	10000c66 <irq_remove_handler+0x16a>
10000b76:	f025 0e01 	bic.w	lr, r5, #1
10000b7a:	f8de c008 	ldr.w	ip, [lr, #8]
10000b7e:	4564      	cmp	r4, ip
10000b80:	d105      	bne.n	10000b8e <irq_remove_handler+0x92>
10000b82:	e07c      	b.n	10000c7e <irq_remove_handler+0x182>
10000b84:	f8d3 c008 	ldr.w	ip, [r3, #8]
10000b88:	4564      	cmp	r4, ip
10000b8a:	d032      	beq.n	10000bf2 <irq_remove_handler+0xf6>
10000b8c:	469e      	mov	lr, r3
10000b8e:	f99e 2006 	ldrsb.w	r2, [lr, #6]
10000b92:	eb02 0342 	add.w	r3, r2, r2, lsl #1
10000b96:	2a00      	cmp	r2, #0
10000b98:	eb07 0383 	add.w	r3, r7, r3, lsl #2
10000b9c:	daf2      	bge.n	10000b84 <irq_remove_handler+0x88>
10000b9e:	4564      	cmp	r4, ip
10000ba0:	f000 8081 	beq.w	10000ca6 <irq_remove_handler+0x1aa>
10000ba4:	f1bb 0f00 	cmp.w	fp, #0
10000ba8:	d020      	beq.n	10000bec <irq_remove_handler+0xf0>
10000baa:	f8c9 0180 	str.w	r0, [r9, #384]	@ 0x180
10000bae:	f8c9 0000 	str.w	r0, [r9]
10000bb2:	4b4b      	ldr	r3, [pc, #300]	@ (10000ce0 <irq_remove_handler+0x1e4>)
10000bb4:	689b      	ldr	r3, [r3, #8]
10000bb6:	f843 5028 	str.w	r5, [r3, r8, lsl #2]
10000bba:	f3bf 8f5f 	dmb	sy
10000bbe:	2300      	movs	r3, #0
10000bc0:	e8c6 3f8f 	stlb	r3, [r6]
10000bc4:	f38a 8810 	msr	PRIMASK, sl
10000bc8:	b003      	add	sp, #12
10000bca:	e8bd 8ff0 	ldmia.w	sp!, {r4, r5, r6, r7, r8, r9, sl, fp, pc}
10000bce:	4615      	mov	r5, r2
10000bd0:	e7ef      	b.n	10000bb2 <irq_remove_handler+0xb6>
10000bd2:	f025 0e01 	bic.w	lr, r5, #1
10000bd6:	f8de c008 	ldr.w	ip, [lr, #8]
10000bda:	4564      	cmp	r4, ip
10000bdc:	d1d7      	bne.n	10000b8e <irq_remove_handler+0x92>
10000bde:	f99e 4006 	ldrsb.w	r4, [lr, #6]
10000be2:	4673      	mov	r3, lr
10000be4:	2c00      	cmp	r4, #0
10000be6:	da08      	bge.n	10000bfa <irq_remove_handler+0xfe>
10000be8:	4615      	mov	r5, r2
10000bea:	e066      	b.n	10000cba <irq_remove_handler+0x1be>
10000bec:	f8c9 0080 	str.w	r0, [r9, #128]	@ 0x80
10000bf0:	e7df      	b.n	10000bb2 <irq_remove_handler+0xb6>
10000bf2:	f993 4006 	ldrsb.w	r4, [r3, #6]
10000bf6:	2c00      	cmp	r4, #0
10000bf8:	db56      	blt.n	10000ca8 <irq_remove_handler+0x1ac>
10000bfa:	eb04 0c44 	add.w	ip, r4, r4, lsl #1
10000bfe:	eb07 0c8c 	add.w	ip, r7, ip, lsl #2
10000c02:	f8dc 2008 	ldr.w	r2, [ip, #8]
10000c06:	0061      	lsls	r1, r4, #1
10000c08:	609a      	str	r2, [r3, #8]
10000c0a:	f89c 2007 	ldrb.w	r2, [ip, #7]
10000c0e:	71da      	strb	r2, [r3, #7]
10000c10:	f99c 2006 	ldrsb.w	r2, [ip, #6]
10000c14:	2a00      	cmp	r2, #0
10000c16:	719a      	strb	r2, [r3, #6]
10000c18:	db5d      	blt.n	10000cd6 <irq_remove_handler+0x1da>
10000c1a:	f8bc 2004 	ldrh.w	r2, [ip, #4]
10000c1e:	0552      	lsls	r2, r2, #21
10000c20:	d504      	bpl.n	10000c2c <irq_remove_handler+0x130>
10000c22:	f502 12ff 	add.w	r2, r2, #2088960	@ 0x1fe000
10000c26:	f502 52ff 	add.w	r2, r2, #8160	@ 0x1fe0
10000c2a:	321f      	adds	r2, #31
10000c2c:	1552      	asrs	r2, r2, #21
10000c2e:	f102 0c02 	add.w	ip, r2, #2
10000c32:	f04f 0e04 	mov.w	lr, #4
10000c36:	220c      	movs	r2, #12
10000c38:	fb12 e204 	smlabb	r2, r2, r4, lr
10000c3c:	eb02 024c 	add.w	r2, r2, ip, lsl #1
10000c40:	f06f 0c07 	mvn.w	ip, #7
10000c44:	443a      	add	r2, r7
10000c46:	ebac 0c03 	sub.w	ip, ip, r3
10000c4a:	4462      	add	r2, ip
10000c4c:	f3c2 024a 	ubfx	r2, r2, #1, #11
10000c50:	f442 4260 	orr.w	r2, r2, #57344	@ 0xe000
10000c54:	809a      	strh	r2, [r3, #4]
10000c56:	4b25      	ldr	r3, [pc, #148]	@ (10000cec <irq_remove_handler+0x1f0>)
10000c58:	4421      	add	r1, r4
10000c5a:	781a      	ldrb	r2, [r3, #0]
10000c5c:	eb07 0181 	add.w	r1, r7, r1, lsl #2
10000c60:	701c      	strb	r4, [r3, #0]
10000c62:	718a      	strb	r2, [r1, #6]
10000c64:	e79e      	b.n	10000ba4 <irq_remove_handler+0xa8>
10000c66:	e9cd 0100 	strd	r0, r1, [sp]
10000c6a:	f000 fe51 	bl	10001910 <hard_assertion_failure>
10000c6e:	e9dd 0100 	ldrd	r0, r1, [sp]
10000c72:	f025 0e01 	bic.w	lr, r5, #1
10000c76:	f8de c008 	ldr.w	ip, [lr, #8]
10000c7a:	4564      	cmp	r4, ip
10000c7c:	d187      	bne.n	10000b8e <irq_remove_handler+0x92>
10000c7e:	f99e 4006 	ldrsb.w	r4, [lr, #6]
10000c82:	4673      	mov	r3, lr
10000c84:	2c00      	cmp	r4, #0
10000c86:	dab8      	bge.n	10000bfa <irq_remove_handler+0xfe>
10000c88:	4a19      	ldr	r2, [pc, #100]	@ (10000cf0 <irq_remove_handler+0x1f4>)
10000c8a:	4c1a      	ldr	r4, [pc, #104]	@ (10000cf4 <irq_remove_handler+0x1f8>)
10000c8c:	1ad2      	subs	r2, r2, r3
10000c8e:	3a08      	subs	r2, #8
10000c90:	f3c2 310a 	ubfx	r1, r2, #12, #11
10000c94:	ea6f 5101 	mvn.w	r1, r1, lsl #20
10000c98:	ea6f 5111 	mvn.w	r1, r1, lsr #20
10000c9c:	ea44 0252 	orr.w	r2, r4, r2, lsr #1
10000ca0:	80da      	strh	r2, [r3, #6]
10000ca2:	8099      	strh	r1, [r3, #4]
10000ca4:	e77e      	b.n	10000ba4 <irq_remove_handler+0xa8>
10000ca6:	4673      	mov	r3, lr
10000ca8:	2900      	cmp	r1, #0
10000caa:	d1ed      	bne.n	10000c88 <irq_remove_handler+0x18c>
10000cac:	22ff      	movs	r2, #255	@ 0xff
10000cae:	f88e 2006 	strb.w	r2, [lr, #6]
10000cb2:	f64b 5201 	movw	r2, #48385	@ 0xbd01
10000cb6:	f8ae 2004 	strh.w	r2, [lr, #4]
10000cba:	4c0c      	ldr	r4, [pc, #48]	@ (10000cec <irq_remove_handler+0x1f0>)
10000cbc:	f64a 22aa 	movw	r2, #43690	@ 0xaaaa
10000cc0:	f894 c000 	ldrb.w	ip, [r4]
10000cc4:	4619      	mov	r1, r3
10000cc6:	1bc9      	subs	r1, r1, r7
10000cc8:	4149      	adcs	r1, r1
10000cca:	434a      	muls	r2, r1
10000ccc:	0d12      	lsrs	r2, r2, #20
10000cce:	f883 c006 	strb.w	ip, [r3, #6]
10000cd2:	7022      	strb	r2, [r4, #0]
10000cd4:	e766      	b.n	10000ba4 <irq_remove_handler+0xa8>
10000cd6:	f64b 5201 	movw	r2, #48385	@ 0xbd01
10000cda:	e7bb      	b.n	10000c54 <irq_remove_handler+0x158>
10000cdc:	20002285 	.word	0x20002285
10000ce0:	e000ed00 	.word	0xe000ed00
10000ce4:	1000011d 	.word	0x1000011d
10000ce8:	2000116c 	.word	0x2000116c
10000cec:	200028f8 	.word	0x200028f8
10000cf0:	200011a6 	.word	0x200011a6
10000cf4:	fffff800 	.word	0xfffff800

10000cf8 <irq_add_tail_to_free_list>:
10000cf8:	b5f0      	push	{r4, r5, r6, r7, lr}
10000cfa:	f3ef 8505 	mrs	r5, IPSR
10000cfe:	b2ed      	uxtb	r5, r5
10000d00:	f3ef 8c10 	mrs	ip, PRIMASK
10000d04:	b672      	cpsid	i
10000d06:	4926      	ldr	r1, [pc, #152]	@ (10000da0 <irq_add_tail_to_free_list+0xa8>)
10000d08:	e8d1 2fcf 	ldaexb	r2, [r1]
10000d0c:	2301      	movs	r3, #1
10000d0e:	2a00      	cmp	r2, #0
10000d10:	d1fa      	bne.n	10000d08 <irq_add_tail_to_free_list+0x10>
10000d12:	e8c1 3f42 	strexb	r2, r3, [r1]
10000d16:	2a00      	cmp	r2, #0
10000d18:	d1f6      	bne.n	10000d08 <irq_add_tail_to_free_list+0x10>
10000d1a:	f3bf 8f5f 	dmb	sy
10000d1e:	4e21      	ldr	r6, [pc, #132]	@ (10000da4 <irq_add_tail_to_free_list+0xac>)
10000d20:	f040 0e01 	orr.w	lr, r0, #1
10000d24:	68b4      	ldr	r4, [r6, #8]
10000d26:	f64a 23aa 	movw	r3, #43690	@ 0xaaaa
10000d2a:	f854 7025 	ldr.w	r7, [r4, r5, lsl #2]
10000d2e:	4a1e      	ldr	r2, [pc, #120]	@ (10000da8 <irq_add_tail_to_free_list+0xb0>)
10000d30:	4604      	mov	r4, r0
10000d32:	1aa4      	subs	r4, r4, r2
10000d34:	4164      	adcs	r4, r4
10000d36:	4363      	muls	r3, r4
10000d38:	0d1b      	lsrs	r3, r3, #20
10000d3a:	4577      	cmp	r7, lr
10000d3c:	b25b      	sxtb	r3, r3
10000d3e:	d01b      	beq.n	10000d78 <irq_add_tail_to_free_list+0x80>
10000d40:	f992 4006 	ldrsb.w	r4, [r2, #6]
10000d44:	429c      	cmp	r4, r3
10000d46:	d01c      	beq.n	10000d82 <irq_add_tail_to_free_list+0x8a>
10000d48:	f992 4012 	ldrsb.w	r4, [r2, #18]
10000d4c:	429c      	cmp	r4, r3
10000d4e:	d023      	beq.n	10000d98 <irq_add_tail_to_free_list+0xa0>
10000d50:	f992 401e 	ldrsb.w	r4, [r2, #30]
10000d54:	429c      	cmp	r4, r3
10000d56:	d021      	beq.n	10000d9c <irq_add_tail_to_free_list+0xa4>
10000d58:	f992 402a 	ldrsb.w	r4, [r2, #42]	@ 0x2a
10000d5c:	429c      	cmp	r4, r3
10000d5e:	bf08      	it	eq
10000d60:	2403      	moveq	r4, #3
10000d62:	d00f      	beq.n	10000d84 <irq_add_tail_to_free_list+0x8c>
10000d64:	4a11      	ldr	r2, [pc, #68]	@ (10000dac <irq_add_tail_to_free_list+0xb4>)
10000d66:	2400      	movs	r4, #0
10000d68:	7815      	ldrb	r5, [r2, #0]
10000d6a:	7013      	strb	r3, [r2, #0]
10000d6c:	7185      	strb	r5, [r0, #6]
10000d6e:	e8c1 4f8f 	stlb	r4, [r1]
10000d72:	f38c 8810 	msr	PRIMASK, ip
10000d76:	bdf0      	pop	{r4, r5, r6, r7, pc}
10000d78:	68b2      	ldr	r2, [r6, #8]
10000d7a:	4c0d      	ldr	r4, [pc, #52]	@ (10000db0 <irq_add_tail_to_free_list+0xb8>)
10000d7c:	f842 4025 	str.w	r4, [r2, r5, lsl #2]
10000d80:	e7f0      	b.n	10000d64 <irq_add_tail_to_free_list+0x6c>
10000d82:	2400      	movs	r4, #0
10000d84:	eb04 0444 	add.w	r4, r4, r4, lsl #1
10000d88:	eb02 0284 	add.w	r2, r2, r4, lsl #2
10000d8c:	24ff      	movs	r4, #255	@ 0xff
10000d8e:	7194      	strb	r4, [r2, #6]
10000d90:	f64b 5401 	movw	r4, #48385	@ 0xbd01
10000d94:	8094      	strh	r4, [r2, #4]
10000d96:	e7e5      	b.n	10000d64 <irq_add_tail_to_free_list+0x6c>
10000d98:	2401      	movs	r4, #1
10000d9a:	e7f3      	b.n	10000d84 <irq_add_tail_to_free_list+0x8c>
10000d9c:	2402      	movs	r4, #2
10000d9e:	e7f1      	b.n	10000d84 <irq_add_tail_to_free_list+0x8c>
10000da0:	20002285 	.word	0x20002285
10000da4:	e000ed00 	.word	0xe000ed00
10000da8:	2000116c 	.word	0x2000116c
10000dac:	200028f8 	.word	0x200028f8
10000db0:	1000011d 	.word	0x1000011d

10000db4 <user_irq_claim_unused>:
10000db4:	b510      	push	{r4, lr}
10000db6:	4c07      	ldr	r4, [pc, #28]	@ (10000dd4 <user_irq_claim_unused+0x20>)
10000db8:	b082      	sub	sp, #8
10000dba:	4601      	mov	r1, r0
10000dbc:	2305      	movs	r3, #5
10000dbe:	2200      	movs	r2, #0
10000dc0:	9400      	str	r4, [sp, #0]
10000dc2:	4805      	ldr	r0, [pc, #20]	@ (10000dd8 <user_irq_claim_unused+0x24>)
10000dc4:	f7ff fc94 	bl	100006f0 <hw_claim_unused_from_range>
10000dc8:	2800      	cmp	r0, #0
10000dca:	bfa8      	it	ge
10000dcc:	f1c0 0033 	rsbge	r0, r0, #51	@ 0x33
10000dd0:	b002      	add	sp, #8
10000dd2:	bd10      	pop	{r4, pc}
10000dd4:	1000c738 	.word	0x1000c738
10000dd8:	200028fc 	.word	0x200028fc

10000ddc <lock_init>:
10000ddc:	4b01      	ldr	r3, [pc, #4]	@ (10000de4 <lock_init+0x8>)
10000dde:	440b      	add	r3, r1
10000de0:	6003      	str	r3, [r0, #0]
10000de2:	4770      	bx	lr
10000de4:	2000227c 	.word	0x2000227c

10000de8 <runtime_init_mutex>:
10000de8:	b570      	push	{r4, r5, r6, lr}
10000dea:	4c10      	ldr	r4, [pc, #64]	@ (10000e2c <runtime_init_mutex+0x44>)
10000dec:	4d10      	ldr	r5, [pc, #64]	@ (10000e30 <runtime_init_mutex+0x48>)
10000dee:	42ac      	cmp	r4, r5
10000df0:	d20e      	bcs.n	10000e10 <runtime_init_mutex+0x28>
10000df2:	26ff      	movs	r6, #255	@ 0xff
10000df4:	6823      	ldr	r3, [r4, #0]
10000df6:	b163      	cbz	r3, 10000e12 <runtime_init_mutex+0x2a>
10000df8:	f7ff fcc8 	bl	1000078c <next_striped_spin_lock_num>
10000dfc:	4601      	mov	r1, r0
10000dfe:	4620      	mov	r0, r4
10000e00:	f7ff ffec 	bl	10000ddc <lock_init>
10000e04:	80a6      	strh	r6, [r4, #4]
10000e06:	f3bf 8f5f 	dmb	sy
10000e0a:	3408      	adds	r4, #8
10000e0c:	42ac      	cmp	r4, r5
10000e0e:	d3f1      	bcc.n	10000df4 <runtime_init_mutex+0xc>
10000e10:	bd70      	pop	{r4, r5, r6, pc}
10000e12:	f7ff fcbb 	bl	1000078c <next_striped_spin_lock_num>
10000e16:	4601      	mov	r1, r0
10000e18:	4620      	mov	r0, r4
10000e1a:	f7ff ffdf 	bl	10000ddc <lock_init>
10000e1e:	7126      	strb	r6, [r4, #4]
10000e20:	f3bf 8f5f 	dmb	sy
10000e24:	3408      	adds	r4, #8
10000e26:	42ac      	cmp	r4, r5
10000e28:	d3e4      	bcc.n	10000df4 <runtime_init_mutex+0xc>
10000e2a:	bd70      	pop	{r4, r5, r6, pc}
10000e2c:	200018cc 	.word	0x200018cc
10000e30:	200018d4 	.word	0x200018d4

10000e34 <mutex_init>:
10000e34:	b510      	push	{r4, lr}
10000e36:	4604      	mov	r4, r0
10000e38:	f7ff fca8 	bl	1000078c <next_striped_spin_lock_num>
10000e3c:	4601      	mov	r1, r0
10000e3e:	4620      	mov	r0, r4
10000e40:	f7ff ffcc 	bl	10000ddc <lock_init>
10000e44:	23ff      	movs	r3, #255	@ 0xff
10000e46:	7123      	strb	r3, [r4, #4]
10000e48:	f3bf 8f5f 	dmb	sy
10000e4c:	bd10      	pop	{r4, pc}
10000e4e:	bf00      	nop

10000e50 <critical_section_init>:
10000e50:	b510      	push	{r4, lr}
10000e52:	4604      	mov	r4, r0
10000e54:	2001      	movs	r0, #1
10000e56:	f7ff fca5 	bl	100007a4 <spin_lock_claim_unused>
10000e5a:	4b03      	ldr	r3, [pc, #12]	@ (10000e68 <critical_section_init+0x18>)
10000e5c:	4403      	add	r3, r0
10000e5e:	6023      	str	r3, [r4, #0]
10000e60:	f3bf 8f5f 	dmb	sy
10000e64:	bd10      	pop	{r4, pc}
10000e66:	bf00      	nop
10000e68:	2000227c 	.word	0x2000227c

10000e6c <critical_section_init_with_lock_num>:
10000e6c:	4b02      	ldr	r3, [pc, #8]	@ (10000e78 <critical_section_init_with_lock_num+0xc>)
10000e6e:	440b      	add	r3, r1
10000e70:	6003      	str	r3, [r0, #0]
10000e72:	f3bf 8f5f 	dmb	sy
10000e76:	4770      	bx	lr
10000e78:	2000227c 	.word	0x2000227c

10000e7c <sleep_until_callback>:
10000e7c:	4b0d      	ldr	r3, [pc, #52]	@ (10000eb4 <sleep_until_callback+0x38>)
10000e7e:	681a      	ldr	r2, [r3, #0]
10000e80:	f3ef 8110 	mrs	r1, PRIMASK
10000e84:	b672      	cpsid	i
10000e86:	e8d2 cfcf 	ldaexb	ip, [r2]
10000e8a:	2001      	movs	r0, #1
10000e8c:	f1bc 0f00 	cmp.w	ip, #0
10000e90:	d1f9      	bne.n	10000e86 <sleep_until_callback+0xa>
10000e92:	e8c2 0f4c 	strexb	ip, r0, [r2]
10000e96:	f1bc 0f00 	cmp.w	ip, #0
10000e9a:	d1f4      	bne.n	10000e86 <sleep_until_callback+0xa>
10000e9c:	f3bf 8f5f 	dmb	sy
10000ea0:	2200      	movs	r2, #0
10000ea2:	681b      	ldr	r3, [r3, #0]
10000ea4:	e8c3 2f8f 	stlb	r2, [r3]
10000ea8:	f381 8810 	msr	PRIMASK, r1
10000eac:	bf40      	sev
10000eae:	2000      	movs	r0, #0
10000eb0:	2100      	movs	r1, #0
10000eb2:	4770      	bx	lr
10000eb4:	200028d0 	.word	0x200028d0

10000eb8 <alarm_pool_irq_handler>:
10000eb8:	e92d 4ff0 	stmdb	sp!, {r4, r5, r6, r7, r8, r9, sl, fp, lr}
10000ebc:	b085      	sub	sp, #20
10000ebe:	f3ef 8305 	mrs	r3, IPSR
10000ec2:	b2db      	uxtb	r3, r3
10000ec4:	3b10      	subs	r3, #16
10000ec6:	089a      	lsrs	r2, r3, #2
10000ec8:	bf1a      	itte	ne
10000eca:	2201      	movne	r2, #1
10000ecc:	4daa      	ldrne	r5, [pc, #680]	@ (10001178 <alarm_pool_irq_handler+0x2c0>)
10000ece:	4dab      	ldreq	r5, [pc, #684]	@ (1000117c <alarm_pool_irq_handler+0x2c4>)
10000ed0:	f003 0403 	and.w	r4, r3, #3
10000ed4:	49aa      	ldr	r1, [pc, #680]	@ (10001180 <alarm_pool_irq_handler+0x2c8>)
10000ed6:	eb04 0282 	add.w	r2, r4, r2, lsl #2
10000eda:	4628      	mov	r0, r5
10000edc:	f851 6022 	ldr.w	r6, [r1, r2, lsl #2]
10000ee0:	9400      	str	r4, [sp, #0]
10000ee2:	f000 fb2b 	bl	1000153c <timer_time_us_64>
10000ee6:	2301      	movs	r3, #1
10000ee8:	40a3      	lsls	r3, r4
10000eea:	f505 5441 	add.w	r4, r5, #12352	@ 0x3040
10000eee:	6063      	str	r3, [r4, #4]
10000ef0:	f9b6 4008 	ldrsh.w	r4, [r6, #8]
10000ef4:	9301      	str	r3, [sp, #4]
10000ef6:	2c00      	cmp	r4, #0
10000ef8:	63eb      	str	r3, [r5, #60]	@ 0x3c
10000efa:	f280 8135 	bge.w	10001168 <alarm_pool_irq_handler+0x2b0>
10000efe:	88b3      	ldrh	r3, [r6, #4]
10000f00:	041b      	lsls	r3, r3, #16
10000f02:	f140 8084 	bpl.w	1000100e <alarm_pool_irq_handler+0x156>
10000f06:	79b3      	ldrb	r3, [r6, #6]
10000f08:	2b00      	cmp	r3, #0
10000f0a:	f040 80cd 	bne.w	100010a8 <alarm_pool_irq_handler+0x1f0>
10000f0e:	4628      	mov	r0, r5
10000f10:	f000 fb14 	bl	1000153c <timer_time_us_64>
10000f14:	f9b6 4008 	ldrsh.w	r4, [r6, #8]
10000f18:	4602      	mov	r2, r0
10000f1a:	2c00      	cmp	r4, #0
10000f1c:	460b      	mov	r3, r1
10000f1e:	f2c0 8110 	blt.w	10001142 <alarm_pool_irq_handler+0x28a>
10000f22:	f8d6 8014 	ldr.w	r8, [r6, #20]
10000f26:	eb04 0744 	add.w	r7, r4, r4, lsl #1
10000f2a:	eb08 07c7 	add.w	r7, r8, r7, lsl #3
10000f2e:	e9d7 ec02 	ldrd	lr, ip, [r7, #8]
10000f32:	9f00      	ldr	r7, [sp, #0]
10000f34:	4570      	cmp	r0, lr
10000f36:	f107 0904 	add.w	r9, r7, #4
10000f3a:	eb71 0c0c 	sbcs.w	ip, r1, ip
10000f3e:	ea4f 0a44 	mov.w	sl, r4, lsl #1
10000f42:	f845 e029 	str.w	lr, [r5, r9, lsl #2]
10000f46:	f2c0 80fc 	blt.w	10001142 <alarm_pool_irq_handler+0x28a>
10000f4a:	9901      	ldr	r1, [sp, #4]
10000f4c:	63e9      	str	r1, [r5, #60]	@ 0x3c
10000f4e:	eb0a 0704 	add.w	r7, sl, r4
10000f52:	eb08 09c7 	add.w	r9, r8, r7, lsl #3
10000f56:	e9d9 ba02 	ldrd	fp, sl, [r9, #8]
10000f5a:	455a      	cmp	r2, fp
10000f5c:	eb73 030a 	sbcs.w	r3, r3, sl
10000f60:	ea4f 07c7 	mov.w	r7, r7, lsl #3
10000f64:	dbcb      	blt.n	10000efe <alarm_pool_irq_handler+0x46>
10000f66:	f1ba 0f00 	cmp.w	sl, #0
10000f6a:	f2c0 80cd 	blt.w	10001108 <alarm_pool_irq_handler+0x250>
10000f6e:	f8d9 3010 	ldr.w	r3, [r9, #16]
10000f72:	4a84      	ldr	r2, [pc, #528]	@ (10001184 <alarm_pool_irq_handler+0x2cc>)
10000f74:	f8d9 1014 	ldr.w	r1, [r9, #20]
10000f78:	4293      	cmp	r3, r2
10000f7a:	f000 80bf 	beq.w	100010fc <alarm_pool_irq_handler+0x244>
10000f7e:	f8b9 0002 	ldrh.w	r0, [r9, #2]
10000f82:	b280      	uxth	r0, r0
10000f84:	ea40 4004 	orr.w	r0, r0, r4, lsl #16
10000f88:	4798      	blx	r3
10000f8a:	4602      	mov	r2, r0
10000f8c:	460b      	mov	r3, r1
10000f8e:	ea52 0103 	orrs.w	r1, r2, r3
10000f92:	f000 80b9 	beq.w	10001108 <alarm_pool_irq_handler+0x250>
10000f96:	2b00      	cmp	r3, #0
10000f98:	f280 80d6 	bge.w	10001148 <alarm_pool_irq_handler+0x290>
10000f9c:	ebbb 0b02 	subs.w	fp, fp, r2
10000fa0:	eb6a 0a03 	sbc.w	sl, sl, r3
10000fa4:	f938 3007 	ldrsh.w	r3, [r8, r7]
10000fa8:	e9c9 ba02 	strd	fp, sl, [r9, #8]
10000fac:	2b00      	cmp	r3, #0
10000fae:	dba6      	blt.n	10000efe <alarm_pool_irq_handler+0x46>
10000fb0:	6970      	ldr	r0, [r6, #20]
10000fb2:	eb03 0243 	add.w	r2, r3, r3, lsl #1
10000fb6:	eb00 02c2 	add.w	r2, r0, r2, lsl #3
10000fba:	e9d2 c102 	ldrd	ip, r1, [r2, #8]
10000fbe:	45e3      	cmp	fp, ip
10000fc0:	eb7a 0e01 	sbcs.w	lr, sl, r1
10000fc4:	ea4f 0243 	mov.w	r2, r3, lsl #1
10000fc8:	db99      	blt.n	10000efe <alarm_pool_irq_handler+0x46>
10000fca:	468e      	mov	lr, r1
10000fcc:	46b1      	mov	r9, r6
10000fce:	4661      	mov	r1, ip
10000fd0:	f829 3f08 	strh.w	r3, [r9, #8]!
10000fd4:	46f4      	mov	ip, lr
10000fd6:	e00b      	b.n	10000ff0 <alarm_pool_irq_handler+0x138>
10000fd8:	f930 3032 	ldrsh.w	r3, [r0, r2, lsl #3]
10000fdc:	46f1      	mov	r9, lr
10000fde:	2b00      	cmp	r3, #0
10000fe0:	db0d      	blt.n	10000ffe <alarm_pool_irq_handler+0x146>
10000fe2:	eb03 0243 	add.w	r2, r3, r3, lsl #1
10000fe6:	eb00 02c2 	add.w	r2, r0, r2, lsl #3
10000fea:	e9d2 1c02 	ldrd	r1, ip, [r2, #8]
10000fee:	005a      	lsls	r2, r3, #1
10000ff0:	458b      	cmp	fp, r1
10000ff2:	441a      	add	r2, r3
10000ff4:	eb7a 0c0c 	sbcs.w	ip, sl, ip
10000ff8:	eb00 0ec2 	add.w	lr, r0, r2, lsl #3
10000ffc:	daec      	bge.n	10000fd8 <alarm_pool_irq_handler+0x120>
10000ffe:	f828 3007 	strh.w	r3, [r8, r7]
10001002:	f8a9 4000 	strh.w	r4, [r9]
10001006:	88b3      	ldrh	r3, [r6, #4]
10001008:	041b      	lsls	r3, r3, #16
1000100a:	f53f af7c 	bmi.w	10000f06 <alarm_pool_irq_handler+0x4e>
1000100e:	6933      	ldr	r3, [r6, #16]
10001010:	f3ef 8210 	mrs	r2, PRIMASK
10001014:	b672      	cpsid	i
10001016:	e8d3 0fcf 	ldaexb	r0, [r3]
1000101a:	2101      	movs	r1, #1
1000101c:	2800      	cmp	r0, #0
1000101e:	d1fa      	bne.n	10001016 <alarm_pool_irq_handler+0x15e>
10001020:	e8c3 1f40 	strexb	r0, r1, [r3]
10001024:	2800      	cmp	r0, #0
10001026:	d1f6      	bne.n	10001016 <alarm_pool_irq_handler+0x15e>
10001028:	f3bf 8f5f 	dmb	sy
1000102c:	f64f 74ff 	movw	r4, #65535	@ 0xffff
10001030:	88b0      	ldrh	r0, [r6, #4]
10001032:	2300      	movs	r3, #0
10001034:	6931      	ldr	r1, [r6, #16]
10001036:	b200      	sxth	r0, r0
10001038:	80b4      	strh	r4, [r6, #4]
1000103a:	e8c1 3f8f 	stlb	r3, [r1]
1000103e:	f382 8810 	msr	PRIMASK, r2
10001042:	4298      	cmp	r0, r3
10001044:	f6ff af5f 	blt.w	10000f06 <alarm_pool_irq_handler+0x4e>
10001048:	4607      	mov	r7, r0
1000104a:	46a9      	mov	r9, r5
1000104c:	6974      	ldr	r4, [r6, #20]
1000104e:	f106 0808 	add.w	r8, r6, #8
10001052:	f9b6 3008 	ldrsh.w	r3, [r6, #8]
10001056:	eb07 0e47 	add.w	lr, r7, r7, lsl #1
1000105a:	eb04 02ce 	add.w	r2, r4, lr, lsl #3
1000105e:	2b00      	cmp	r3, #0
10001060:	46c4      	mov	ip, r8
10001062:	e9d2 5002 	ldrd	r5, r0, [r2, #8]
10001066:	bfa8      	it	ge
10001068:	46b3      	movge	fp, r6
1000106a:	da05      	bge.n	10001078 <alarm_pool_irq_handler+0x1c0>
1000106c:	e00f      	b.n	1000108e <alarm_pool_irq_handler+0x1d6>
1000106e:	f934 303a 	ldrsh.w	r3, [r4, sl, lsl #3]
10001072:	4694      	mov	ip, r2
10001074:	2b00      	cmp	r3, #0
10001076:	db09      	blt.n	1000108c <alarm_pool_irq_handler+0x1d4>
10001078:	eb03 0a43 	add.w	sl, r3, r3, lsl #1
1000107c:	eb04 02ca 	add.w	r2, r4, sl, lsl #3
10001080:	e9d2 6102 	ldrd	r6, r1, [r2, #8]
10001084:	42b5      	cmp	r5, r6
10001086:	eb70 0101 	sbcs.w	r1, r0, r1
1000108a:	daf0      	bge.n	1000106e <alarm_pool_irq_handler+0x1b6>
1000108c:	465e      	mov	r6, fp
1000108e:	f8ac 7000 	strh.w	r7, [ip]
10001092:	f934 703e 	ldrsh.w	r7, [r4, lr, lsl #3]
10001096:	f824 303e 	strh.w	r3, [r4, lr, lsl #3]
1000109a:	2f00      	cmp	r7, #0
1000109c:	dad9      	bge.n	10001052 <alarm_pool_irq_handler+0x19a>
1000109e:	79b3      	ldrb	r3, [r6, #6]
100010a0:	464d      	mov	r5, r9
100010a2:	2b00      	cmp	r3, #0
100010a4:	f43f af33 	beq.w	10000f0e <alarm_pool_irq_handler+0x56>
100010a8:	2300      	movs	r3, #0
100010aa:	71b3      	strb	r3, [r6, #6]
100010ac:	f9b6 3008 	ldrsh.w	r3, [r6, #8]
100010b0:	f106 0c08 	add.w	ip, r6, #8
100010b4:	1c5f      	adds	r7, r3, #1
100010b6:	f43f af2a 	beq.w	10000f0e <alarm_pool_irq_handler+0x56>
100010ba:	f04f 38ff 	mov.w	r8, #4294967295
100010be:	f04f 39ff 	mov.w	r9, #4294967295
100010c2:	6970      	ldr	r0, [r6, #20]
100010c4:	e003      	b.n	100010ce <alarm_pool_irq_handler+0x216>
100010c6:	468c      	mov	ip, r1
100010c8:	1c5a      	adds	r2, r3, #1
100010ca:	f43f af20 	beq.w	10000f0e <alarm_pool_irq_handler+0x56>
100010ce:	eb03 0243 	add.w	r2, r3, r3, lsl #1
100010d2:	eb00 01c2 	add.w	r1, r0, r2, lsl #3
100010d6:	884c      	ldrh	r4, [r1, #2]
100010d8:	461f      	mov	r7, r3
100010da:	0424      	lsls	r4, r4, #16
100010dc:	f930 3032 	ldrsh.w	r3, [r0, r2, lsl #3]
100010e0:	d5f1      	bpl.n	100010c6 <alarm_pool_irq_handler+0x20e>
100010e2:	f9b6 4008 	ldrsh.w	r4, [r6, #8]
100010e6:	e9c1 8902 	strd	r8, r9, [r1, #8]
100010ea:	42bc      	cmp	r4, r7
100010ec:	d0ec      	beq.n	100010c8 <alarm_pool_irq_handler+0x210>
100010ee:	f8ac 3000 	strh.w	r3, [ip]
100010f2:	8931      	ldrh	r1, [r6, #8]
100010f4:	f820 1032 	strh.w	r1, [r0, r2, lsl #3]
100010f8:	8137      	strh	r7, [r6, #8]
100010fa:	e7e5      	b.n	100010c8 <alarm_pool_irq_handler+0x210>
100010fc:	4608      	mov	r0, r1
100010fe:	690b      	ldr	r3, [r1, #16]
10001100:	9102      	str	r1, [sp, #8]
10001102:	4798      	blx	r3
10001104:	2800      	cmp	r0, #0
10001106:	d12b      	bne.n	10001160 <alarm_pool_irq_handler+0x2a8>
10001108:	f838 2007 	ldrh.w	r2, [r8, r7]
1000110c:	6933      	ldr	r3, [r6, #16]
1000110e:	8132      	strh	r2, [r6, #8]
10001110:	f3ef 8210 	mrs	r2, PRIMASK
10001114:	b672      	cpsid	i
10001116:	e8d3 0fcf 	ldaexb	r0, [r3]
1000111a:	2101      	movs	r1, #1
1000111c:	2800      	cmp	r0, #0
1000111e:	d1fa      	bne.n	10001116 <alarm_pool_irq_handler+0x25e>
10001120:	e8c3 1f40 	strexb	r0, r1, [r3]
10001124:	2800      	cmp	r0, #0
10001126:	d1f6      	bne.n	10001116 <alarm_pool_irq_handler+0x25e>
10001128:	f3bf 8f5f 	dmb	sy
1000112c:	8871      	ldrh	r1, [r6, #2]
1000112e:	2300      	movs	r3, #0
10001130:	f828 1007 	strh.w	r1, [r8, r7]
10001134:	6931      	ldr	r1, [r6, #16]
10001136:	8074      	strh	r4, [r6, #2]
10001138:	e8c1 3f8f 	stlb	r3, [r1]
1000113c:	f382 8810 	msr	PRIMASK, r2
10001140:	e6dd      	b.n	10000efe <alarm_pool_irq_handler+0x46>
10001142:	b005      	add	sp, #20
10001144:	e8bd 8ff0 	ldmia.w	sp!, {r4, r5, r6, r7, r8, r9, sl, fp, pc}
10001148:	4628      	mov	r0, r5
1000114a:	e9cd 2302 	strd	r2, r3, [sp, #8]
1000114e:	f000 f9f5 	bl	1000153c <timer_time_us_64>
10001152:	9a02      	ldr	r2, [sp, #8]
10001154:	9b03      	ldr	r3, [sp, #12]
10001156:	eb10 0b02 	adds.w	fp, r0, r2
1000115a:	eb43 0a01 	adc.w	sl, r3, r1
1000115e:	e721      	b.n	10000fa4 <alarm_pool_irq_handler+0xec>
10001160:	9902      	ldr	r1, [sp, #8]
10001162:	e9d1 2300 	ldrd	r2, r3, [r1]
10001166:	e712      	b.n	10000f8e <alarm_pool_irq_handler+0xd6>
10001168:	4602      	mov	r2, r0
1000116a:	460b      	mov	r3, r1
1000116c:	f8d6 8014 	ldr.w	r8, [r6, #20]
10001170:	ea4f 0a44 	mov.w	sl, r4, lsl #1
10001174:	e6eb      	b.n	10000f4e <alarm_pool_irq_handler+0x96>
10001176:	bf00      	nop
10001178:	400b8000 	.word	0x400b8000
1000117c:	400b0000 	.word	0x400b0000
10001180:	200028a8 	.word	0x200028a8
10001184:	10000eb9 	.word	0x10000eb9

10001188 <runtime_init_default_alarm_pool>:
10001188:	e92d 4ff8 	stmdb	sp!, {r3, r4, r5, r6, r7, r8, r9, sl, fp, lr}
1000118c:	4c36      	ldr	r4, [pc, #216]	@ (10001268 <runtime_init_default_alarm_pool+0xe0>)
1000118e:	6925      	ldr	r5, [r4, #16]
10001190:	b12d      	cbz	r5, 1000119e <runtime_init_default_alarm_pool+0x16>
10001192:	e8bd 4ff8 	ldmia.w	sp!, {r3, r4, r5, r6, r7, r8, r9, sl, fp, lr}
10001196:	210a      	movs	r1, #10
10001198:	4834      	ldr	r0, [pc, #208]	@ (1000126c <runtime_init_default_alarm_pool+0xe4>)
1000119a:	f7ff be1f 	b.w	10000ddc <lock_init>
1000119e:	f8df 80e4 	ldr.w	r8, [pc, #228]	@ 10001284 <runtime_init_default_alarm_pool+0xfc>
100011a2:	2103      	movs	r1, #3
100011a4:	4640      	mov	r0, r8
100011a6:	f000 f9b7 	bl	10001518 <timer_hardware_alarm_claim>
100011aa:	2603      	movs	r6, #3
100011ac:	f8c4 800c 	str.w	r8, [r4, #12]
100011b0:	f7ff faec 	bl	1000078c <next_striped_spin_lock_num>
100011b4:	f04f 4c50 	mov.w	ip, #3489660928	@ 0xd0000000
100011b8:	4b2d      	ldr	r3, [pc, #180]	@ (10001270 <runtime_init_default_alarm_pool+0xe8>)
100011ba:	7026      	strb	r6, [r4, #0]
100011bc:	4403      	add	r3, r0
100011be:	6123      	str	r3, [r4, #16]
100011c0:	f8dc 3000 	ldr.w	r3, [ip]
100011c4:	210f      	movs	r1, #15
100011c6:	7063      	strb	r3, [r4, #1]
100011c8:	6963      	ldr	r3, [r4, #20]
100011ca:	8061      	strh	r1, [r4, #2]
100011cc:	831d      	strh	r5, [r3, #24]
100011ce:	f04f 0504 	mov.w	r5, #4
100011d2:	f8a3 5078 	strh.w	r5, [r3, #120]	@ 0x78
100011d6:	f04f 0505 	mov.w	r5, #5
100011da:	f8a3 5090 	strh.w	r5, [r3, #144]	@ 0x90
100011de:	f04f 0506 	mov.w	r5, #6
100011e2:	f8a3 50a8 	strh.w	r5, [r3, #168]	@ 0xa8
100011e6:	f04f 0507 	mov.w	r5, #7
100011ea:	210e      	movs	r1, #14
100011ec:	f64f 72ff 	movw	r2, #65535	@ 0xffff
100011f0:	2708      	movs	r7, #8
100011f2:	f04f 0e0a 	mov.w	lr, #10
100011f6:	f8a3 50c0 	strh.w	r5, [r3, #192]	@ 0xc0
100011fa:	f04f 0901 	mov.w	r9, #1
100011fe:	f04f 0c0c 	mov.w	ip, #12
10001202:	f04f 0b02 	mov.w	fp, #2
10001206:	f04f 0a09 	mov.w	sl, #9
1000120a:	200d      	movs	r0, #13
1000120c:	f04f 050b 	mov.w	r5, #11
10001210:	f8a3 1168 	strh.w	r1, [r3, #360]	@ 0x168
10001214:	4917      	ldr	r1, [pc, #92]	@ (10001274 <runtime_init_default_alarm_pool+0xec>)
10001216:	80a2      	strh	r2, [r4, #4]
10001218:	f8a3 e108 	strh.w	lr, [r3, #264]	@ 0x108
1000121c:	60a1      	str	r1, [r4, #8]
1000121e:	f8a3 b048 	strh.w	fp, [r3, #72]	@ 0x48
10001222:	f8a3 a0f0 	strh.w	sl, [r3, #240]	@ 0xf0
10001226:	f8a3 5120 	strh.w	r5, [r3, #288]	@ 0x120
1000122a:	f8a3 c138 	strh.w	ip, [r3, #312]	@ 0x138
1000122e:	f8a3 0150 	strh.w	r0, [r3, #336]	@ 0x150
10001232:	f8a3 9030 	strh.w	r9, [r3, #48]	@ 0x30
10001236:	f8a3 6060 	strh.w	r6, [r3, #96]	@ 0x60
1000123a:	f8a3 70d8 	strh.w	r7, [r3, #216]	@ 0xd8
1000123e:	801a      	strh	r2, [r3, #0]
10001240:	4b0d      	ldr	r3, [pc, #52]	@ (10001278 <runtime_init_default_alarm_pool+0xf0>)
10001242:	4630      	mov	r0, r6
10001244:	f8c8 7020 	str.w	r7, [r8, #32]
10001248:	490c      	ldr	r1, [pc, #48]	@ (1000127c <runtime_init_default_alarm_pool+0xf4>)
1000124a:	60dc      	str	r4, [r3, #12]
1000124c:	f7ff fb32 	bl	100008b4 <irq_set_exclusive_handler>
10001250:	4649      	mov	r1, r9
10001252:	4630      	mov	r0, r6
10001254:	f7ff faea 	bl	1000082c <irq_set_enabled>
10001258:	4b09      	ldr	r3, [pc, #36]	@ (10001280 <runtime_init_default_alarm_pool+0xf8>)
1000125a:	210a      	movs	r1, #10
1000125c:	641f      	str	r7, [r3, #64]	@ 0x40
1000125e:	4803      	ldr	r0, [pc, #12]	@ (1000126c <runtime_init_default_alarm_pool+0xe4>)
10001260:	e8bd 4ff8 	ldmia.w	sp!, {r3, r4, r5, r6, r7, r8, r9, sl, fp, lr}
10001264:	f7ff bdba 	b.w	10000ddc <lock_init>
10001268:	200011b4 	.word	0x200011b4
1000126c:	200028d0 	.word	0x200028d0
10001270:	2000227c 	.word	0x2000227c
10001274:	0010ffff 	.word	0x0010ffff
10001278:	200028a8 	.word	0x200028a8
1000127c:	10000eb9 	.word	0x10000eb9
10001280:	400b2000 	.word	0x400b2000
10001284:	400b0000 	.word	0x400b0000

10001288 <alarm_pool_get_default>:
10001288:	4800      	ldr	r0, [pc, #0]	@ (1000128c <alarm_pool_get_default+0x4>)
1000128a:	4770      	bx	lr
1000128c:	200011b4 	.word	0x200011b4

10001290 <alarm_pool_add_alarm_at>:
10001290:	b5f8      	push	{r3, r4, r5, r6, r7, lr}
10001292:	f89d 7020 	ldrb.w	r7, [sp, #32]
10001296:	4604      	mov	r4, r0
10001298:	4616      	mov	r6, r2
1000129a:	461d      	mov	r5, r3
1000129c:	b937      	cbnz	r7, 100012ac <alarm_pool_add_alarm_at+0x1c>
1000129e:	f000 f955 	bl	1000154c <time_us_64>
100012a2:	4286      	cmp	r6, r0
100012a4:	eb65 0101 	sbc.w	r1, r5, r1
100012a8:	2900      	cmp	r1, #0
100012aa:	db5c      	blt.n	10001366 <alarm_pool_add_alarm_at+0xd6>
100012ac:	6923      	ldr	r3, [r4, #16]
100012ae:	f3ef 8710 	mrs	r7, PRIMASK
100012b2:	b672      	cpsid	i
100012b4:	e8d3 1fcf 	ldaexb	r1, [r3]
100012b8:	2201      	movs	r2, #1
100012ba:	2900      	cmp	r1, #0
100012bc:	d1fa      	bne.n	100012b4 <alarm_pool_add_alarm_at+0x24>
100012be:	e8c3 2f41 	strexb	r1, r2, [r3]
100012c2:	2900      	cmp	r1, #0
100012c4:	d1f6      	bne.n	100012b4 <alarm_pool_add_alarm_at+0x24>
100012c6:	f3bf 8f5f 	dmb	sy
100012ca:	f9b4 c002 	ldrsh.w	ip, [r4, #2]
100012ce:	6963      	ldr	r3, [r4, #20]
100012d0:	eb0c 014c 	add.w	r1, ip, ip, lsl #1
100012d4:	f1bc 0f00 	cmp.w	ip, #0
100012d8:	ea4f 02c1 	mov.w	r2, r1, lsl #3
100012dc:	eb03 01c1 	add.w	r1, r3, r1, lsl #3
100012e0:	db38      	blt.n	10001354 <alarm_pool_add_alarm_at+0xc4>
100012e2:	5a98      	ldrh	r0, [r3, r2]
100012e4:	f04f 0e00 	mov.w	lr, #0
100012e8:	8060      	strh	r0, [r4, #2]
100012ea:	6920      	ldr	r0, [r4, #16]
100012ec:	e8c0 ef8f 	stlb	lr, [r0]
100012f0:	f387 8810 	msr	PRIMASK, r7
100012f4:	9806      	ldr	r0, [sp, #24]
100012f6:	e9c1 6502 	strd	r6, r5, [r1, #8]
100012fa:	6108      	str	r0, [r1, #16]
100012fc:	9807      	ldr	r0, [sp, #28]
100012fe:	6148      	str	r0, [r1, #20]
10001300:	8848      	ldrh	r0, [r1, #2]
10001302:	3001      	adds	r0, #1
10001304:	f3c0 000e 	ubfx	r0, r0, #0, #15
10001308:	2801      	cmp	r0, #1
1000130a:	bf38      	it	cc
1000130c:	2001      	movcc	r0, #1
1000130e:	8048      	strh	r0, [r1, #2]
10001310:	ea40 400c 	orr.w	r0, r0, ip, lsl #16
10001314:	6921      	ldr	r1, [r4, #16]
10001316:	f3ef 8510 	mrs	r5, PRIMASK
1000131a:	b672      	cpsid	i
1000131c:	e8d1 7fcf 	ldaexb	r7, [r1]
10001320:	2601      	movs	r6, #1
10001322:	2f00      	cmp	r7, #0
10001324:	d1fa      	bne.n	1000131c <alarm_pool_add_alarm_at+0x8c>
10001326:	e8c1 6f47 	strexb	r7, r6, [r1]
1000132a:	2f00      	cmp	r7, #0
1000132c:	d1f6      	bne.n	1000131c <alarm_pool_add_alarm_at+0x8c>
1000132e:	f3bf 8f5f 	dmb	sy
10001332:	88a1      	ldrh	r1, [r4, #4]
10001334:	5299      	strh	r1, [r3, r2]
10001336:	f8a4 c004 	strh.w	ip, [r4, #4]
1000133a:	6923      	ldr	r3, [r4, #16]
1000133c:	e8c3 ef8f 	stlb	lr, [r3]
10001340:	f385 8810 	msr	PRIMASK, r5
10001344:	2201      	movs	r2, #1
10001346:	68e3      	ldr	r3, [r4, #12]
10001348:	7821      	ldrb	r1, [r4, #0]
1000134a:	f503 5301 	add.w	r3, r3, #8256	@ 0x2040
1000134e:	408a      	lsls	r2, r1
10001350:	605a      	str	r2, [r3, #4]
10001352:	bdf8      	pop	{r3, r4, r5, r6, r7, pc}
10001354:	2300      	movs	r3, #0
10001356:	6922      	ldr	r2, [r4, #16]
10001358:	e8c2 3f8f 	stlb	r3, [r2]
1000135c:	f387 8810 	msr	PRIMASK, r7
10001360:	f04f 30ff 	mov.w	r0, #4294967295
10001364:	bdf8      	pop	{r3, r4, r5, r6, r7, pc}
10001366:	4638      	mov	r0, r7
10001368:	bdf8      	pop	{r3, r4, r5, r6, r7, pc}
1000136a:	bf00      	nop

1000136c <alarm_pool_cancel_alarm>:
1000136c:	4603      	mov	r3, r0
1000136e:	8940      	ldrh	r0, [r0, #10]
10001370:	ebb0 4f21 	cmp.w	r0, r1, asr #16
10001374:	dd37      	ble.n	100013e6 <alarm_pool_cancel_alarm+0x7a>
10001376:	6958      	ldr	r0, [r3, #20]
10001378:	140a      	asrs	r2, r1, #16
1000137a:	eb02 0242 	add.w	r2, r2, r2, lsl #1
1000137e:	b510      	push	{r4, lr}
10001380:	eb00 00c2 	add.w	r0, r0, r2, lsl #3
10001384:	691c      	ldr	r4, [r3, #16]
10001386:	f3ef 8c10 	mrs	ip, PRIMASK
1000138a:	b672      	cpsid	i
1000138c:	e8d4 efcf 	ldaexb	lr, [r4]
10001390:	2201      	movs	r2, #1
10001392:	f1be 0f00 	cmp.w	lr, #0
10001396:	d1f9      	bne.n	1000138c <alarm_pool_cancel_alarm+0x20>
10001398:	e8c4 2f4e 	strexb	lr, r2, [r4]
1000139c:	f1be 0f00 	cmp.w	lr, #0
100013a0:	d1f4      	bne.n	1000138c <alarm_pool_cancel_alarm+0x20>
100013a2:	f3bf 8f5f 	dmb	sy
100013a6:	8842      	ldrh	r2, [r0, #2]
100013a8:	b289      	uxth	r1, r1
100013aa:	b292      	uxth	r2, r2
100013ac:	428a      	cmp	r2, r1
100013ae:	d007      	beq.n	100013c0 <alarm_pool_cancel_alarm+0x54>
100013b0:	2200      	movs	r2, #0
100013b2:	691b      	ldr	r3, [r3, #16]
100013b4:	e8c3 2f8f 	stlb	r2, [r3]
100013b8:	f38c 8810 	msr	PRIMASK, ip
100013bc:	2000      	movs	r0, #0
100013be:	bd10      	pop	{r4, pc}
100013c0:	f442 4200 	orr.w	r2, r2, #32768	@ 0x8000
100013c4:	8042      	strh	r2, [r0, #2]
100013c6:	2101      	movs	r1, #1
100013c8:	2200      	movs	r2, #0
100013ca:	6918      	ldr	r0, [r3, #16]
100013cc:	7199      	strb	r1, [r3, #6]
100013ce:	e8c0 2f8f 	stlb	r2, [r0]
100013d2:	f38c 8810 	msr	PRIMASK, ip
100013d6:	781c      	ldrb	r4, [r3, #0]
100013d8:	68da      	ldr	r2, [r3, #12]
100013da:	4608      	mov	r0, r1
100013dc:	f502 5301 	add.w	r3, r2, #8256	@ 0x2040
100013e0:	40a1      	lsls	r1, r4
100013e2:	6059      	str	r1, [r3, #4]
100013e4:	bd10      	pop	{r4, pc}
100013e6:	2000      	movs	r0, #0
100013e8:	4770      	bx	lr
100013ea:	bf00      	nop

100013ec <alarm_pool_core_num>:
100013ec:	7840      	ldrb	r0, [r0, #1]
100013ee:	4770      	bx	lr

100013f0 <best_effort_wfe_or_timeout>:
100013f0:	e92d 43f8 	stmdb	sp!, {r3, r4, r5, r6, r7, r8, r9, lr}
100013f4:	4605      	mov	r5, r0
100013f6:	460c      	mov	r4, r1
100013f8:	f3ef 8605 	mrs	r6, IPSR
100013fc:	b2f6      	uxtb	r6, r6
100013fe:	b18e      	cbz	r6, 10001424 <best_effort_wfe_or_timeout+0x34>
10001400:	4b42      	ldr	r3, [pc, #264]	@ (1000150c <best_effort_wfe_or_timeout+0x11c>)
10001402:	6a58      	ldr	r0, [r3, #36]	@ 0x24
10001404:	42a0      	cmp	r0, r4
10001406:	d305      	bcc.n	10001414 <best_effort_wfe_or_timeout+0x24>
10001408:	6a9b      	ldr	r3, [r3, #40]	@ 0x28
1000140a:	42ab      	cmp	r3, r5
1000140c:	d305      	bcc.n	1000141a <best_effort_wfe_or_timeout+0x2a>
1000140e:	2001      	movs	r0, #1
10001410:	e8bd 83f8 	ldmia.w	sp!, {r3, r4, r5, r6, r7, r8, r9, pc}
10001414:	2000      	movs	r0, #0
10001416:	e8bd 83f8 	ldmia.w	sp!, {r3, r4, r5, r6, r7, r8, r9, pc}
1000141a:	1b00      	subs	r0, r0, r4
1000141c:	bf18      	it	ne
1000141e:	2001      	movne	r0, #1
10001420:	e8bd 83f8 	ldmia.w	sp!, {r3, r4, r5, r6, r7, r8, r9, pc}
10001424:	f000 f892 	bl	1000154c <time_us_64>
10001428:	4285      	cmp	r5, r0
1000142a:	eb64 0101 	sbc.w	r1, r4, r1
1000142e:	2900      	cmp	r1, #0
10001430:	dbe6      	blt.n	10001400 <best_effort_wfe_or_timeout+0x10>
10001432:	4b37      	ldr	r3, [pc, #220]	@ (10001510 <best_effort_wfe_or_timeout+0x120>)
10001434:	691a      	ldr	r2, [r3, #16]
10001436:	f3ef 8e10 	mrs	lr, PRIMASK
1000143a:	b672      	cpsid	i
1000143c:	e8d2 0fcf 	ldaexb	r0, [r2]
10001440:	2101      	movs	r1, #1
10001442:	2800      	cmp	r0, #0
10001444:	d1fa      	bne.n	1000143c <best_effort_wfe_or_timeout+0x4c>
10001446:	e8c2 1f40 	strexb	r0, r1, [r2]
1000144a:	2800      	cmp	r0, #0
1000144c:	d1f6      	bne.n	1000143c <best_effort_wfe_or_timeout+0x4c>
1000144e:	f3bf 8f5f 	dmb	sy
10001452:	f9b3 0002 	ldrsh.w	r0, [r3, #2]
10001456:	695f      	ldr	r7, [r3, #20]
10001458:	eb00 0240 	add.w	r2, r0, r0, lsl #1
1000145c:	2800      	cmp	r0, #0
1000145e:	ea4f 0cc2 	mov.w	ip, r2, lsl #3
10001462:	eb07 02c2 	add.w	r2, r7, r2, lsl #3
10001466:	db4a      	blt.n	100014fe <best_effort_wfe_or_timeout+0x10e>
10001468:	f837 100c 	ldrh.w	r1, [r7, ip]
1000146c:	8059      	strh	r1, [r3, #2]
1000146e:	6919      	ldr	r1, [r3, #16]
10001470:	e8c1 6f8f 	stlb	r6, [r1]
10001474:	f38e 8810 	msr	PRIMASK, lr
10001478:	8851      	ldrh	r1, [r2, #2]
1000147a:	f8df e098 	ldr.w	lr, [pc, #152]	@ 10001514 <best_effort_wfe_or_timeout+0x124>
1000147e:	3101      	adds	r1, #1
10001480:	f3c1 010e 	ubfx	r1, r1, #0, #15
10001484:	2901      	cmp	r1, #1
10001486:	bf38      	it	cc
10001488:	2101      	movcc	r1, #1
1000148a:	e9c2 5402 	strd	r5, r4, [r2, #8]
1000148e:	8051      	strh	r1, [r2, #2]
10001490:	6156      	str	r6, [r2, #20]
10001492:	f8c2 e010 	str.w	lr, [r2, #16]
10001496:	ea41 4100 	orr.w	r1, r1, r0, lsl #16
1000149a:	691a      	ldr	r2, [r3, #16]
1000149c:	f3ef 8e10 	mrs	lr, PRIMASK
100014a0:	b672      	cpsid	i
100014a2:	e8d2 9fcf 	ldaexb	r9, [r2]
100014a6:	f05f 0801 	movs.w	r8, #1
100014aa:	f1b9 0f00 	cmp.w	r9, #0
100014ae:	d1f8      	bne.n	100014a2 <best_effort_wfe_or_timeout+0xb2>
100014b0:	e8c2 8f49 	strexb	r9, r8, [r2]
100014b4:	f1b9 0f00 	cmp.w	r9, #0
100014b8:	d1f3      	bne.n	100014a2 <best_effort_wfe_or_timeout+0xb2>
100014ba:	f3bf 8f5f 	dmb	sy
100014be:	889a      	ldrh	r2, [r3, #4]
100014c0:	f827 200c 	strh.w	r2, [r7, ip]
100014c4:	691a      	ldr	r2, [r3, #16]
100014c6:	8098      	strh	r0, [r3, #4]
100014c8:	e8c2 6f8f 	stlb	r6, [r2]
100014cc:	f38e 8810 	msr	PRIMASK, lr
100014d0:	2201      	movs	r2, #1
100014d2:	7818      	ldrb	r0, [r3, #0]
100014d4:	68db      	ldr	r3, [r3, #12]
100014d6:	4082      	lsls	r2, r0
100014d8:	f503 5301 	add.w	r3, r3, #8256	@ 0x2040
100014dc:	605a      	str	r2, [r3, #4]
100014de:	bf40      	sev
100014e0:	bf20      	wfe
100014e2:	4b0a      	ldr	r3, [pc, #40]	@ (1000150c <best_effort_wfe_or_timeout+0x11c>)
100014e4:	6a5a      	ldr	r2, [r3, #36]	@ 0x24
100014e6:	42a2      	cmp	r2, r4
100014e8:	d304      	bcc.n	100014f4 <best_effort_wfe_or_timeout+0x104>
100014ea:	6a9b      	ldr	r3, [r3, #40]	@ 0x28
100014ec:	42ab      	cmp	r3, r5
100014ee:	d202      	bcs.n	100014f6 <best_effort_wfe_or_timeout+0x106>
100014f0:	42a2      	cmp	r2, r4
100014f2:	d100      	bne.n	100014f6 <best_effort_wfe_or_timeout+0x106>
100014f4:	bf20      	wfe
100014f6:	4806      	ldr	r0, [pc, #24]	@ (10001510 <best_effort_wfe_or_timeout+0x120>)
100014f8:	f7ff ff38 	bl	1000136c <alarm_pool_cancel_alarm>
100014fc:	e780      	b.n	10001400 <best_effort_wfe_or_timeout+0x10>
100014fe:	691b      	ldr	r3, [r3, #16]
10001500:	e8c3 6f8f 	stlb	r6, [r3]
10001504:	f38e 8810 	msr	PRIMASK, lr
10001508:	e77a      	b.n	10001400 <best_effort_wfe_or_timeout+0x10>
1000150a:	bf00      	nop
1000150c:	400b0000 	.word	0x400b0000
10001510:	200011b4 	.word	0x200011b4
10001514:	10000e7d 	.word	0x10000e7d

10001518 <timer_hardware_alarm_claim>:
10001518:	b410      	push	{r4}
1000151a:	4b05      	ldr	r3, [pc, #20]	@ (10001530 <timer_hardware_alarm_claim+0x18>)
1000151c:	4c05      	ldr	r4, [pc, #20]	@ (10001534 <timer_hardware_alarm_claim+0x1c>)
1000151e:	4a06      	ldr	r2, [pc, #24]	@ (10001538 <timer_hardware_alarm_claim+0x20>)
10001520:	42a0      	cmp	r0, r4
10001522:	bf14      	ite	ne
10001524:	4618      	movne	r0, r3
10001526:	1c58      	addeq	r0, r3, #1
10001528:	f85d 4b04 	ldr.w	r4, [sp], #4
1000152c:	f7ff b8b4 	b.w	10000698 <hw_claim_or_assert>
10001530:	20002414 	.word	0x20002414
10001534:	400b8000 	.word	0x400b8000
10001538:	1000c754 	.word	0x1000c754

1000153c <timer_time_us_64>:
1000153c:	4603      	mov	r3, r0
1000153e:	6a41      	ldr	r1, [r0, #36]	@ 0x24
10001540:	460a      	mov	r2, r1
10001542:	6a98      	ldr	r0, [r3, #40]	@ 0x28
10001544:	6a59      	ldr	r1, [r3, #36]	@ 0x24
10001546:	428a      	cmp	r2, r1
10001548:	d1fa      	bne.n	10001540 <timer_time_us_64+0x4>
1000154a:	4770      	bx	lr

1000154c <time_us_64>:
1000154c:	4b03      	ldr	r3, [pc, #12]	@ (1000155c <time_us_64+0x10>)
1000154e:	6a59      	ldr	r1, [r3, #36]	@ 0x24
10001550:	460a      	mov	r2, r1
10001552:	6a98      	ldr	r0, [r3, #40]	@ 0x28
10001554:	6a59      	ldr	r1, [r3, #36]	@ 0x24
10001556:	4291      	cmp	r1, r2
10001558:	d1fa      	bne.n	10001550 <time_us_64+0x4>
1000155a:	4770      	bx	lr
1000155c:	400b0000 	.word	0x400b0000

10001560 <busy_wait_us>:
10001560:	b410      	push	{r4}
10001562:	4a17      	ldr	r2, [pc, #92]	@ (100015c0 <busy_wait_us+0x60>)
10001564:	6a53      	ldr	r3, [r2, #36]	@ 0x24
10001566:	469c      	mov	ip, r3
10001568:	6a94      	ldr	r4, [r2, #40]	@ 0x28
1000156a:	6a53      	ldr	r3, [r2, #36]	@ 0x24
1000156c:	4563      	cmp	r3, ip
1000156e:	d1fa      	bne.n	10001566 <busy_wait_us+0x6>
10001570:	1900      	adds	r0, r0, r4
10001572:	4159      	adcs	r1, r3
10001574:	f04f 0200 	mov.w	r2, #0
10001578:	bf28      	it	cs
1000157a:	2201      	movcs	r2, #1
1000157c:	4603      	mov	r3, r0
1000157e:	b1ca      	cbz	r2, 100015b4 <busy_wait_us+0x54>
10001580:	4b0f      	ldr	r3, [pc, #60]	@ (100015c0 <busy_wait_us+0x60>)
10001582:	6a59      	ldr	r1, [r3, #36]	@ 0x24
10001584:	1c4b      	adds	r3, r1, #1
10001586:	bf08      	it	eq
10001588:	460b      	moveq	r3, r1
1000158a:	d008      	beq.n	1000159e <busy_wait_us+0x3e>
1000158c:	f04f 31ff 	mov.w	r1, #4294967295
10001590:	460b      	mov	r3, r1
10001592:	480b      	ldr	r0, [pc, #44]	@ (100015c0 <busy_wait_us+0x60>)
10001594:	6a42      	ldr	r2, [r0, #36]	@ 0x24
10001596:	428a      	cmp	r2, r1
10001598:	d3fc      	bcc.n	10001594 <busy_wait_us+0x34>
1000159a:	428a      	cmp	r2, r1
1000159c:	d107      	bne.n	100015ae <busy_wait_us+0x4e>
1000159e:	4a08      	ldr	r2, [pc, #32]	@ (100015c0 <busy_wait_us+0x60>)
100015a0:	e002      	b.n	100015a8 <busy_wait_us+0x48>
100015a2:	6a50      	ldr	r0, [r2, #36]	@ 0x24
100015a4:	4288      	cmp	r0, r1
100015a6:	d102      	bne.n	100015ae <busy_wait_us+0x4e>
100015a8:	6a90      	ldr	r0, [r2, #40]	@ 0x28
100015aa:	4298      	cmp	r0, r3
100015ac:	d3f9      	bcc.n	100015a2 <busy_wait_us+0x42>
100015ae:	f85d 4b04 	ldr.w	r4, [sp], #4
100015b2:	4770      	bx	lr
100015b4:	4a02      	ldr	r2, [pc, #8]	@ (100015c0 <busy_wait_us+0x60>)
100015b6:	6a52      	ldr	r2, [r2, #36]	@ 0x24
100015b8:	4291      	cmp	r1, r2
100015ba:	d8ea      	bhi.n	10001592 <busy_wait_us+0x32>
100015bc:	e7ed      	b.n	1000159a <busy_wait_us+0x3a>
100015be:	bf00      	nop
100015c0:	400b0000 	.word	0x400b0000

100015c4 <uart_init>:
100015c4:	b5f8      	push	{r3, r4, r5, r6, r7, lr}
100015c6:	4605      	mov	r5, r0
100015c8:	2006      	movs	r0, #6
100015ca:	460e      	mov	r6, r1
100015cc:	f000 f8e4 	bl	10001798 <clock_get_hz>
100015d0:	2800      	cmp	r0, #0
100015d2:	d042      	beq.n	1000165a <uart_init+0x96>
100015d4:	4a35      	ldr	r2, [pc, #212]	@ (100016ac <uart_init+0xe8>)
100015d6:	4836      	ldr	r0, [pc, #216]	@ (100016b0 <uart_init+0xec>)
100015d8:	4295      	cmp	r5, r2
100015da:	bf14      	ite	ne
100015dc:	f04f 6280 	movne.w	r2, #67108864	@ 0x4000000
100015e0:	f04f 6200 	moveq.w	r2, #134217728	@ 0x8000000
100015e4:	4b33      	ldr	r3, [pc, #204]	@ (100016b4 <uart_init+0xf0>)
100015e6:	4934      	ldr	r1, [pc, #208]	@ (100016b8 <uart_init+0xf4>)
100015e8:	6002      	str	r2, [r0, #0]
100015ea:	601a      	str	r2, [r3, #0]
100015ec:	688c      	ldr	r4, [r1, #8]
100015ee:	ea32 0404 	bics.w	r4, r2, r4
100015f2:	d1fb      	bne.n	100015ec <uart_init+0x28>
100015f4:	4b2d      	ldr	r3, [pc, #180]	@ (100016ac <uart_init+0xe8>)
100015f6:	f44f 7180 	mov.w	r1, #256	@ 0x100
100015fa:	1aeb      	subs	r3, r5, r3
100015fc:	fab3 f383 	clz	r3, r3
10001600:	4a2e      	ldr	r2, [pc, #184]	@ (100016bc <uart_init+0xf8>)
10001602:	095b      	lsrs	r3, r3, #5
10001604:	2006      	movs	r0, #6
10001606:	f822 1013 	strh.w	r1, [r2, r3, lsl #1]
1000160a:	f000 f8c5 	bl	10001798 <clock_get_hz>
1000160e:	00c3      	lsls	r3, r0, #3
10001610:	fbb3 f3f6 	udiv	r3, r3, r6
10001614:	3301      	adds	r3, #1
10001616:	09da      	lsrs	r2, r3, #7
10001618:	d120      	bne.n	1000165c <uart_init+0x98>
1000161a:	2640      	movs	r6, #64	@ 0x40
1000161c:	2101      	movs	r1, #1
1000161e:	6269      	str	r1, [r5, #36]	@ 0x24
10001620:	62aa      	str	r2, [r5, #40]	@ 0x28
10001622:	6b2f      	ldr	r7, [r5, #48]	@ 0x30
10001624:	07fb      	lsls	r3, r7, #31
10001626:	d422      	bmi.n	1000166e <uart_init+0xaa>
10001628:	462b      	mov	r3, r5
1000162a:	2200      	movs	r2, #0
1000162c:	f853 1f2c 	ldr.w	r1, [r3, #44]!
10001630:	2006      	movs	r0, #6
10001632:	f503 5480 	add.w	r4, r3, #4096	@ 0x1000
10001636:	6022      	str	r2, [r4, #0]
10001638:	632f      	str	r7, [r5, #48]	@ 0x30
1000163a:	f000 f8ad 	bl	10001798 <clock_get_hz>
1000163e:	f240 3101 	movw	r1, #769	@ 0x301
10001642:	2203      	movs	r2, #3
10001644:	0080      	lsls	r0, r0, #2
10001646:	fbb0 f0f6 	udiv	r0, r0, r6
1000164a:	6aeb      	ldr	r3, [r5, #44]	@ 0x2c
1000164c:	f083 0370 	eor.w	r3, r3, #112	@ 0x70
10001650:	f003 037e 	and.w	r3, r3, #126	@ 0x7e
10001654:	6023      	str	r3, [r4, #0]
10001656:	6329      	str	r1, [r5, #48]	@ 0x30
10001658:	64aa      	str	r2, [r5, #72]	@ 0x48
1000165a:	bdf8      	pop	{r3, r4, r5, r6, r7, pc}
1000165c:	f64f 71fe 	movw	r1, #65534	@ 0xfffe
10001660:	428a      	cmp	r2, r1
10001662:	d91b      	bls.n	1000169c <uart_init+0xd8>
10001664:	4622      	mov	r2, r4
10001666:	f64f 71ff 	movw	r1, #65535	@ 0xffff
1000166a:	4e15      	ldr	r6, [pc, #84]	@ (100016c0 <uart_init+0xfc>)
1000166c:	e7d7      	b.n	1000161e <uart_init+0x5a>
1000166e:	f240 3201 	movw	r2, #769	@ 0x301
10001672:	f505 5340 	add.w	r3, r5, #12288	@ 0x3000
10001676:	631a      	str	r2, [r3, #48]	@ 0x30
10001678:	6a6b      	ldr	r3, [r5, #36]	@ 0x24
1000167a:	6aac      	ldr	r4, [r5, #40]	@ 0x28
1000167c:	2006      	movs	r0, #6
1000167e:	eb04 1483 	add.w	r4, r4, r3, lsl #6
10001682:	f000 f889 	bl	10001798 <clock_get_hz>
10001686:	4b0f      	ldr	r3, [pc, #60]	@ (100016c4 <uart_init+0x100>)
10001688:	02a4      	lsls	r4, r4, #10
1000168a:	fba3 2300 	umull	r2, r3, r3, r0
1000168e:	0adb      	lsrs	r3, r3, #11
10001690:	2100      	movs	r1, #0
10001692:	fbb4 f0f3 	udiv	r0, r4, r3
10001696:	f7ff ff63 	bl	10001560 <busy_wait_us>
1000169a:	e7c5      	b.n	10001628 <uart_init+0x64>
1000169c:	f3c3 0345 	ubfx	r3, r3, #1, #6
100016a0:	4611      	mov	r1, r2
100016a2:	eb03 1682 	add.w	r6, r3, r2, lsl #6
100016a6:	461a      	mov	r2, r3
100016a8:	e7b9      	b.n	1000161e <uart_init+0x5a>
100016aa:	bf00      	nop
100016ac:	40078000 	.word	0x40078000
100016b0:	40022000 	.word	0x40022000
100016b4:	40023000 	.word	0x40023000
100016b8:	40020000 	.word	0x40020000
100016bc:	200028dc 	.word	0x200028dc
100016c0:	003fffc0 	.word	0x003fffc0
100016c4:	8f2b7b75 	.word	0x8f2b7b75

100016c8 <clock_configure_undivided>:
100016c8:	eb00 0c40 	add.w	ip, r0, r0, lsl #1
100016cc:	ea4f 0c8c 	mov.w	ip, ip, lsl #2
100016d0:	f10c 4c80 	add.w	ip, ip, #1073741824	@ 0x40000000
100016d4:	f50c 3c80 	add.w	ip, ip, #65536	@ 0x10000
100016d8:	b5f0      	push	{r4, r5, r6, r7, lr}
100016da:	4616      	mov	r6, r2
100016dc:	f8dc 2004 	ldr.w	r2, [ip, #4]
100016e0:	1f05      	subs	r5, r0, #4
100016e2:	f5b2 3f80 	cmp.w	r2, #65536	@ 0x10000
100016e6:	bf38      	it	cc
100016e8:	f44f 3280 	movcc.w	r2, #65536	@ 0x10000
100016ec:	b2ed      	uxtb	r5, r5
100016ee:	bf38      	it	cc
100016f0:	f8cc 2004 	strcc.w	r2, [ip, #4]
100016f4:	2d01      	cmp	r5, #1
100016f6:	d92a      	bls.n	1000174e <clock_configure_undivided+0x86>
100016f8:	f44f 6700 	mov.w	r7, #2048	@ 0x800
100016fc:	4c25      	ldr	r4, [pc, #148]	@ (10001794 <clock_configure_undivided+0xcc>)
100016fe:	f50c 5240 	add.w	r2, ip, #12288	@ 0x3000
10001702:	6017      	str	r7, [r2, #0]
10001704:	f854 2020 	ldr.w	r2, [r4, r0, lsl #2]
10001708:	b9b2      	cbnz	r2, 10001738 <clock_configure_undivided+0x70>
1000170a:	f8dc 2000 	ldr.w	r2, [ip]
1000170e:	2d01      	cmp	r5, #1
10001710:	ea82 1246 	eor.w	r2, r2, r6, lsl #5
10001714:	f002 02e0 	and.w	r2, r2, #224	@ 0xe0
10001718:	f50c 5680 	add.w	r6, ip, #4096	@ 0x1000
1000171c:	6032      	str	r2, [r6, #0]
1000171e:	d92a      	bls.n	10001776 <clock_configure_undivided+0xae>
10001720:	f44f 6100 	mov.w	r1, #2048	@ 0x800
10001724:	f844 3020 	str.w	r3, [r4, r0, lsl #2]
10001728:	f44f 3380 	mov.w	r3, #65536	@ 0x10000
1000172c:	f50c 5200 	add.w	r2, ip, #8192	@ 0x2000
10001730:	6011      	str	r1, [r2, #0]
10001732:	f8cc 3004 	str.w	r3, [ip, #4]
10001736:	bdf0      	pop	{r4, r5, r6, r7, pc}
10001738:	6967      	ldr	r7, [r4, #20]
1000173a:	fbb7 fef2 	udiv	lr, r7, r2
1000173e:	f10e 0e01 	add.w	lr, lr, #1
10001742:	eb0e 0e4e 	add.w	lr, lr, lr, lsl #1
10001746:	f1be 0e03 	subs.w	lr, lr, #3
1000174a:	d2fc      	bcs.n	10001746 <clock_configure_undivided+0x7e>
1000174c:	e7dd      	b.n	1000170a <clock_configure_undivided+0x42>
1000174e:	2901      	cmp	r1, #1
10001750:	d1d2      	bne.n	100016f8 <clock_configure_undivided+0x30>
10001752:	2403      	movs	r4, #3
10001754:	f50c 5240 	add.w	r2, ip, #12288	@ 0x3000
10001758:	6014      	str	r4, [r2, #0]
1000175a:	f8dc 2008 	ldr.w	r2, [ip, #8]
1000175e:	07d2      	lsls	r2, r2, #31
10001760:	d5fb      	bpl.n	1000175a <clock_configure_undivided+0x92>
10001762:	f8dc 2000 	ldr.w	r2, [ip]
10001766:	4c0b      	ldr	r4, [pc, #44]	@ (10001794 <clock_configure_undivided+0xcc>)
10001768:	ea82 1246 	eor.w	r2, r2, r6, lsl #5
1000176c:	f002 02e0 	and.w	r2, r2, #224	@ 0xe0
10001770:	f50c 5680 	add.w	r6, ip, #4096	@ 0x1000
10001774:	6032      	str	r2, [r6, #0]
10001776:	2201      	movs	r2, #1
10001778:	f8dc 5000 	ldr.w	r5, [ip]
1000177c:	404d      	eors	r5, r1
1000177e:	f005 0503 	and.w	r5, r5, #3
10001782:	6035      	str	r5, [r6, #0]
10001784:	fa02 f101 	lsl.w	r1, r2, r1
10001788:	f8dc 2008 	ldr.w	r2, [ip, #8]
1000178c:	420a      	tst	r2, r1
1000178e:	d0fb      	beq.n	10001788 <clock_configure_undivided+0xc0>
10001790:	e7c6      	b.n	10001720 <clock_configure_undivided+0x58>
10001792:	bf00      	nop
10001794:	20002418 	.word	0x20002418

10001798 <clock_get_hz>:
10001798:	4b01      	ldr	r3, [pc, #4]	@ (100017a0 <clock_get_hz+0x8>)
1000179a:	f853 0020 	ldr.w	r0, [r3, r0, lsl #2]
1000179e:	4770      	bx	lr
100017a0:	20002418 	.word	0x20002418

100017a4 <pll_init>:
100017a4:	b470      	push	{r4, r5, r6}
100017a6:	9d03      	ldr	r5, [sp, #12]
100017a8:	6804      	ldr	r4, [r0, #0]
100017aa:	032d      	lsls	r5, r5, #12
100017ac:	ea45 4503 	orr.w	r5, r5, r3, lsl #16
100017b0:	4b1b      	ldr	r3, [pc, #108]	@ (10001820 <pll_init+0x7c>)
100017b2:	2c00      	cmp	r4, #0
100017b4:	fbb3 f3f1 	udiv	r3, r3, r1
100017b8:	fbb2 f6f3 	udiv	r6, r2, r3
100017bc:	db1f      	blt.n	100017fe <pll_init+0x5a>
100017be:	4a19      	ldr	r2, [pc, #100]	@ (10001824 <pll_init+0x80>)
100017c0:	4b19      	ldr	r3, [pc, #100]	@ (10001828 <pll_init+0x84>)
100017c2:	4290      	cmp	r0, r2
100017c4:	bf14      	ite	ne
100017c6:	f44f 4280 	movne.w	r2, #16384	@ 0x4000
100017ca:	f44f 4200 	moveq.w	r2, #32768	@ 0x8000
100017ce:	4c17      	ldr	r4, [pc, #92]	@ (1000182c <pll_init+0x88>)
100017d0:	601a      	str	r2, [r3, #0]
100017d2:	f503 5380 	add.w	r3, r3, #4096	@ 0x1000
100017d6:	601a      	str	r2, [r3, #0]
100017d8:	68a3      	ldr	r3, [r4, #8]
100017da:	ea32 0303 	bics.w	r3, r2, r3
100017de:	d1fb      	bne.n	100017d8 <pll_init+0x34>
100017e0:	2221      	movs	r2, #33	@ 0x21
100017e2:	f500 5340 	add.w	r3, r0, #12288	@ 0x3000
100017e6:	3304      	adds	r3, #4
100017e8:	6001      	str	r1, [r0, #0]
100017ea:	6086      	str	r6, [r0, #8]
100017ec:	601a      	str	r2, [r3, #0]
100017ee:	6802      	ldr	r2, [r0, #0]
100017f0:	2a00      	cmp	r2, #0
100017f2:	dafc      	bge.n	100017ee <pll_init+0x4a>
100017f4:	2208      	movs	r2, #8
100017f6:	60c5      	str	r5, [r0, #12]
100017f8:	601a      	str	r2, [r3, #0]
100017fa:	bc70      	pop	{r4, r5, r6}
100017fc:	4770      	bx	lr
100017fe:	6803      	ldr	r3, [r0, #0]
10001800:	f003 033f 	and.w	r3, r3, #63	@ 0x3f
10001804:	428b      	cmp	r3, r1
10001806:	d1da      	bne.n	100017be <pll_init+0x1a>
10001808:	6883      	ldr	r3, [r0, #8]
1000180a:	f3c3 030b 	ubfx	r3, r3, #0, #12
1000180e:	42b3      	cmp	r3, r6
10001810:	d1d5      	bne.n	100017be <pll_init+0x1a>
10001812:	68c3      	ldr	r3, [r0, #12]
10001814:	f403 23ee 	and.w	r3, r3, #487424	@ 0x77000
10001818:	42ab      	cmp	r3, r5
1000181a:	d1d0      	bne.n	100017be <pll_init+0x1a>
1000181c:	e7ed      	b.n	100017fa <pll_init+0x56>
1000181e:	bf00      	nop
10001820:	00b71b00 	.word	0x00b71b00
10001824:	40058000 	.word	0x40058000
10001828:	40022000 	.word	0x40022000
1000182c:	40020000 	.word	0x40020000

10001830 <watchdog_reboot>:
10001830:	b430      	push	{r4, r5}
10001832:	f04f 4480 	mov.w	r4, #1073741824	@ 0x40000000
10001836:	4b1c      	ldr	r3, [pc, #112]	@ (100018a8 <watchdog_reboot+0x78>)
10001838:	601c      	str	r4, [r3, #0]
1000183a:	b1e0      	cbz	r0, 10001876 <watchdog_reboot+0x46>
1000183c:	4c1b      	ldr	r4, [pc, #108]	@ (100018ac <watchdog_reboot+0x7c>)
1000183e:	f5a3 5340 	sub.w	r3, r3, #12288	@ 0x3000
10001842:	61dc      	str	r4, [r3, #28]
10001844:	4c1a      	ldr	r4, [pc, #104]	@ (100018b0 <watchdog_reboot+0x80>)
10001846:	f040 0001 	orr.w	r0, r0, #1
1000184a:	4044      	eors	r4, r0
1000184c:	621c      	str	r4, [r3, #32]
1000184e:	6259      	str	r1, [r3, #36]	@ 0x24
10001850:	6298      	str	r0, [r3, #40]	@ 0x28
10001852:	f04f 4580 	mov.w	r5, #1073741824	@ 0x40000000
10001856:	f04f 61e0 	mov.w	r1, #117440512	@ 0x7000000
1000185a:	4b13      	ldr	r3, [pc, #76]	@ (100018a8 <watchdog_reboot+0x78>)
1000185c:	4815      	ldr	r0, [pc, #84]	@ (100018b4 <watchdog_reboot+0x84>)
1000185e:	4c16      	ldr	r4, [pc, #88]	@ (100018b8 <watchdog_reboot+0x88>)
10001860:	601d      	str	r5, [r3, #0]
10001862:	6084      	str	r4, [r0, #8]
10001864:	6019      	str	r1, [r3, #0]
10001866:	b94a      	cbnz	r2, 1000187c <watchdog_reboot+0x4c>
10001868:	bc30      	pop	{r4, r5}
1000186a:	f04f 4200 	mov.w	r2, #2147483648	@ 0x80000000
1000186e:	f5a3 5380 	sub.w	r3, r3, #4096	@ 0x1000
10001872:	601a      	str	r2, [r3, #0]
10001874:	4770      	bx	lr
10001876:	4b11      	ldr	r3, [pc, #68]	@ (100018bc <watchdog_reboot+0x8c>)
10001878:	61d8      	str	r0, [r3, #28]
1000187a:	e7ea      	b.n	10001852 <watchdog_reboot+0x22>
1000187c:	f44f 737a 	mov.w	r3, #1000	@ 0x3e8
10001880:	fb03 f202 	mul.w	r2, r3, r2
10001884:	f1b2 7f80 	cmp.w	r2, #16777216	@ 0x1000000
10001888:	bf2a      	itet	cs
1000188a:	f06f 437f 	mvncs.w	r3, #4278190080	@ 0xff000000
1000188e:	4613      	movcc	r3, r2
10001890:	461a      	movcs	r2, r3
10001892:	f04f 4180 	mov.w	r1, #1073741824	@ 0x40000000
10001896:	4c0a      	ldr	r4, [pc, #40]	@ (100018c0 <watchdog_reboot+0x90>)
10001898:	4808      	ldr	r0, [pc, #32]	@ (100018bc <watchdog_reboot+0x8c>)
1000189a:	6023      	str	r3, [r4, #0]
1000189c:	4b09      	ldr	r3, [pc, #36]	@ (100018c4 <watchdog_reboot+0x94>)
1000189e:	6042      	str	r2, [r0, #4]
100018a0:	bc30      	pop	{r4, r5}
100018a2:	6019      	str	r1, [r3, #0]
100018a4:	4770      	bx	lr
100018a6:	bf00      	nop
100018a8:	400db000 	.word	0x400db000
100018ac:	b007c0d3 	.word	0xb007c0d3
100018b0:	4ff83f2d 	.word	0x4ff83f2d
100018b4:	4001a000 	.word	0x4001a000
100018b8:	01fffff3 	.word	0x01fffff3
100018bc:	400d8000 	.word	0x400d8000
100018c0:	20002880 	.word	0x20002880
100018c4:	400da000 	.word	0x400da000

100018c8 <tick_start>:
100018c8:	2301      	movs	r3, #1
100018ca:	eb00 0040 	add.w	r0, r0, r0, lsl #1
100018ce:	0080      	lsls	r0, r0, #2
100018d0:	f100 4080 	add.w	r0, r0, #1073741824	@ 0x40000000
100018d4:	f500 1084 	add.w	r0, r0, #1081344	@ 0x108000
100018d8:	6041      	str	r1, [r0, #4]
100018da:	6003      	str	r3, [r0, #0]
100018dc:	4770      	bx	lr
100018de:	bf00      	nop

100018e0 <xosc_init>:
100018e0:	b410      	push	{r4}
100018e2:	202f      	movs	r0, #47	@ 0x2f
100018e4:	f44f 642a 	mov.w	r4, #2720	@ 0xaa0
100018e8:	4a05      	ldr	r2, [pc, #20]	@ (10001900 <xosc_init+0x20>)
100018ea:	4b06      	ldr	r3, [pc, #24]	@ (10001904 <xosc_init+0x24>)
100018ec:	4906      	ldr	r1, [pc, #24]	@ (10001908 <xosc_init+0x28>)
100018ee:	6014      	str	r4, [r2, #0]
100018f0:	60d0      	str	r0, [r2, #12]
100018f2:	6019      	str	r1, [r3, #0]
100018f4:	6853      	ldr	r3, [r2, #4]
100018f6:	2b00      	cmp	r3, #0
100018f8:	dafc      	bge.n	100018f4 <xosc_init+0x14>
100018fa:	f85d 4b04 	ldr.w	r4, [sp], #4
100018fe:	4770      	bx	lr
10001900:	40048000 	.word	0x40048000
10001904:	4004a000 	.word	0x4004a000
10001908:	00fab000 	.word	0x00fab000

1000190c <first_per_core_initializer>:
1000190c:	4770      	bx	lr
1000190e:	bf00      	nop

10001910 <hard_assertion_failure>:
10001910:	b508      	push	{r3, lr}
10001912:	4801      	ldr	r0, [pc, #4]	@ (10001918 <hard_assertion_failure+0x8>)
10001914:	f7fe fea8 	bl	10000668 <panic>
10001918:	1000c778 	.word	0x1000c778

1000191c <runtime_run_initializers>:
1000191c:	b538      	push	{r3, r4, r5, lr}
1000191e:	4c05      	ldr	r4, [pc, #20]	@ (10001934 <runtime_run_initializers+0x18>)
10001920:	4d05      	ldr	r5, [pc, #20]	@ (10001938 <runtime_run_initializers+0x1c>)
10001922:	42ac      	cmp	r4, r5
10001924:	d204      	bcs.n	10001930 <runtime_run_initializers+0x14>
10001926:	f854 3b04 	ldr.w	r3, [r4], #4
1000192a:	4798      	blx	r3
1000192c:	42ac      	cmp	r4, r5
1000192e:	d3fa      	bcc.n	10001926 <runtime_run_initializers+0xa>
10001930:	bd38      	pop	{r3, r4, r5, pc}
10001932:	bf00      	nop
10001934:	1000c3e0 	.word	0x1000c3e0
10001938:	1000c420 	.word	0x1000c420

1000193c <runtime_init_early_resets>:
1000193c:	b410      	push	{r4}
1000193e:	4807      	ldr	r0, [pc, #28]	@ (1000195c <runtime_init_early_resets+0x20>)
10001940:	4c07      	ldr	r4, [pc, #28]	@ (10001960 <runtime_init_early_resets+0x24>)
10001942:	4b08      	ldr	r3, [pc, #32]	@ (10001964 <runtime_init_early_resets+0x28>)
10001944:	4a08      	ldr	r2, [pc, #32]	@ (10001968 <runtime_init_early_resets+0x2c>)
10001946:	4909      	ldr	r1, [pc, #36]	@ (1000196c <runtime_init_early_resets+0x30>)
10001948:	6004      	str	r4, [r0, #0]
1000194a:	601a      	str	r2, [r3, #0]
1000194c:	688b      	ldr	r3, [r1, #8]
1000194e:	ea32 0303 	bics.w	r3, r2, r3
10001952:	d1fb      	bne.n	1000194c <runtime_init_early_resets+0x10>
10001954:	f85d 4b04 	ldr.w	r4, [sp], #4
10001958:	4770      	bx	lr
1000195a:	bf00      	nop
1000195c:	40022000 	.word	0x40022000
10001960:	efef3b7f 	.word	0xefef3b7f
10001964:	40023000 	.word	0x40023000
10001968:	03f3fff6 	.word	0x03f3fff6
1000196c:	40020000 	.word	0x40020000

10001970 <runtime_init_usb_power_down>:
10001970:	4b04      	ldr	r3, [pc, #16]	@ (10001984 <runtime_init_usb_power_down+0x14>)
10001972:	6cdb      	ldr	r3, [r3, #76]	@ 0x4c
10001974:	f5b3 4f00 	cmp.w	r3, #32768	@ 0x8000
10001978:	d103      	bne.n	10001982 <runtime_init_usb_power_down+0x12>
1000197a:	f44f 2280 	mov.w	r2, #262144	@ 0x40000
1000197e:	4b02      	ldr	r3, [pc, #8]	@ (10001988 <runtime_init_usb_power_down+0x18>)
10001980:	64da      	str	r2, [r3, #76]	@ 0x4c
10001982:	4770      	bx	lr
10001984:	50110000 	.word	0x50110000
10001988:	50112000 	.word	0x50112000

1000198c <runtime_init_per_core_enable_coprocessors>:
1000198c:	f04f 22e0 	mov.w	r2, #3758153728	@ 0xe000e000
10001990:	4b04      	ldr	r3, [pc, #16]	@ (100019a4 <runtime_init_per_core_enable_coprocessors+0x18>)
10001992:	f8d2 1d88 	ldr.w	r1, [r2, #3464]	@ 0xd88
10001996:	430b      	orrs	r3, r1
10001998:	f8c2 3d88 	str.w	r3, [r2, #3464]	@ 0xd88
1000199c:	ee10 0430 	dcp_rcmp r0
100019a0:	4770      	bx	lr
100019a2:	bf00      	nop
100019a4:	00300303 	.word	0x00300303

100019a8 <runtime_init_post_clock_resets>:
100019a8:	f06f 4160 	mvn.w	r1, #3758096384	@ 0xe0000000
100019ac:	4b04      	ldr	r3, [pc, #16]	@ (100019c0 <runtime_init_post_clock_resets+0x18>)
100019ae:	4a05      	ldr	r2, [pc, #20]	@ (100019c4 <runtime_init_post_clock_resets+0x1c>)
100019b0:	6019      	str	r1, [r3, #0]
100019b2:	6893      	ldr	r3, [r2, #8]
100019b4:	43db      	mvns	r3, r3
100019b6:	f033 4360 	bics.w	r3, r3, #3758096384	@ 0xe0000000
100019ba:	d1fa      	bne.n	100019b2 <runtime_init_post_clock_resets+0xa>
100019bc:	4770      	bx	lr
100019be:	bf00      	nop
100019c0:	40023000 	.word	0x40023000
100019c4:	40020000 	.word	0x40020000

100019c8 <runtime_init_bootrom_reset>:
100019c8:	b510      	push	{r4, lr}
100019ca:	f245 2053 	movw	r0, #21075	@ 0x5253
100019ce:	f000 f88f 	bl	10001af0 <rom_func_lookup>
100019d2:	e8bd 4010 	ldmia.w	sp!, {r4, lr}
100019d6:	4603      	mov	r3, r0
100019d8:	2004      	movs	r0, #4
100019da:	4718      	bx	r3

100019dc <runtime_init_per_core_bootrom_reset>:
100019dc:	b510      	push	{r4, lr}
100019de:	f245 2053 	movw	r0, #21075	@ 0x5253
100019e2:	f000 f885 	bl	10001af0 <rom_func_lookup>
100019e6:	e8bd 4010 	ldmia.w	sp!, {r4, lr}
100019ea:	4603      	mov	r3, r0
100019ec:	2001      	movs	r0, #1
100019ee:	4718      	bx	r3

100019f0 <runtime_init_spin_locks_reset>:
100019f0:	f7fe bef0 	b.w	100007d4 <spin_locks_reset>

100019f4 <runtime_init_install_ram_vector_table>:
100019f4:	b510      	push	{r4, lr}
100019f6:	4b05      	ldr	r3, [pc, #20]	@ (10001a0c <runtime_init_install_ram_vector_table+0x18>)
100019f8:	4c05      	ldr	r4, [pc, #20]	@ (10001a10 <runtime_init_install_ram_vector_table+0x1c>)
100019fa:	f44f 7288 	mov.w	r2, #272	@ 0x110
100019fe:	4618      	mov	r0, r3
10001a00:	68a1      	ldr	r1, [r4, #8]
10001a02:	f005 fddb 	bl	100075bc <memcpy>
10001a06:	60a0      	str	r0, [r4, #8]
10001a08:	bd10      	pop	{r4, pc}
10001a0a:	bf00      	nop
10001a0c:	20000000 	.word	0x20000000
10001a10:	e000ed00 	.word	0xe000ed00

10001a14 <runtime_init_clocks>:
10001a14:	2300      	movs	r3, #0
10001a16:	b570      	push	{r4, r5, r6, lr}
10001a18:	4c2b      	ldr	r4, [pc, #172]	@ (10001ac8 <runtime_init_clocks+0xb4>)
10001a1a:	b082      	sub	sp, #8
10001a1c:	f8c4 3084 	str.w	r3, [r4, #132]	@ 0x84
10001a20:	f7ff ff5e 	bl	100018e0 <xosc_init>
10001a24:	2201      	movs	r2, #1
10001a26:	4b29      	ldr	r3, [pc, #164]	@ (10001acc <runtime_init_clocks+0xb8>)
10001a28:	63da      	str	r2, [r3, #60]	@ 0x3c
10001a2a:	6c63      	ldr	r3, [r4, #68]	@ 0x44
10001a2c:	2b01      	cmp	r3, #1
10001a2e:	d1fc      	bne.n	10001a2a <runtime_init_clocks+0x16>
10001a30:	2103      	movs	r1, #3
10001a32:	4a26      	ldr	r2, [pc, #152]	@ (10001acc <runtime_init_clocks+0xb8>)
10001a34:	4b24      	ldr	r3, [pc, #144]	@ (10001ac8 <runtime_init_clocks+0xb4>)
10001a36:	6311      	str	r1, [r2, #48]	@ 0x30
10001a38:	6b9c      	ldr	r4, [r3, #56]	@ 0x38
10001a3a:	2c01      	cmp	r4, #1
10001a3c:	d1fc      	bne.n	10001a38 <runtime_init_clocks+0x24>
10001a3e:	2602      	movs	r6, #2
10001a40:	2505      	movs	r5, #5
10001a42:	4621      	mov	r1, r4
10001a44:	2305      	movs	r3, #5
10001a46:	4a22      	ldr	r2, [pc, #136]	@ (10001ad0 <runtime_init_clocks+0xbc>)
10001a48:	4822      	ldr	r0, [pc, #136]	@ (10001ad4 <runtime_init_clocks+0xc0>)
10001a4a:	9600      	str	r6, [sp, #0]
10001a4c:	f7ff feaa 	bl	100017a4 <pll_init>
10001a50:	4621      	mov	r1, r4
10001a52:	462b      	mov	r3, r5
10001a54:	4a20      	ldr	r2, [pc, #128]	@ (10001ad8 <runtime_init_clocks+0xc4>)
10001a56:	4821      	ldr	r0, [pc, #132]	@ (10001adc <runtime_init_clocks+0xc8>)
10001a58:	9500      	str	r5, [sp, #0]
10001a5a:	f7ff fea3 	bl	100017a4 <pll_init>
10001a5e:	2200      	movs	r2, #0
10001a60:	2004      	movs	r0, #4
10001a62:	4631      	mov	r1, r6
10001a64:	4b1e      	ldr	r3, [pc, #120]	@ (10001ae0 <runtime_init_clocks+0xcc>)
10001a66:	f7ff fe2f 	bl	100016c8 <clock_configure_undivided>
10001a6a:	4621      	mov	r1, r4
10001a6c:	4628      	mov	r0, r5
10001a6e:	2200      	movs	r2, #0
10001a70:	4b1c      	ldr	r3, [pc, #112]	@ (10001ae4 <runtime_init_clocks+0xd0>)
10001a72:	f7ff fe29 	bl	100016c8 <clock_configure_undivided>
10001a76:	2200      	movs	r2, #0
10001a78:	2008      	movs	r0, #8
10001a7a:	4611      	mov	r1, r2
10001a7c:	4b1a      	ldr	r3, [pc, #104]	@ (10001ae8 <runtime_init_clocks+0xd4>)
10001a7e:	f7ff fe23 	bl	100016c8 <clock_configure_undivided>
10001a82:	2200      	movs	r2, #0
10001a84:	2009      	movs	r0, #9
10001a86:	4611      	mov	r1, r2
10001a88:	4b17      	ldr	r3, [pc, #92]	@ (10001ae8 <runtime_init_clocks+0xd4>)
10001a8a:	f7ff fe1d 	bl	100016c8 <clock_configure_undivided>
10001a8e:	2200      	movs	r2, #0
10001a90:	2006      	movs	r0, #6
10001a92:	4611      	mov	r1, r2
10001a94:	4b13      	ldr	r3, [pc, #76]	@ (10001ae4 <runtime_init_clocks+0xd0>)
10001a96:	f7ff fe17 	bl	100016c8 <clock_configure_undivided>
10001a9a:	2200      	movs	r2, #0
10001a9c:	4b11      	ldr	r3, [pc, #68]	@ (10001ae4 <runtime_init_clocks+0xd0>)
10001a9e:	2007      	movs	r0, #7
10001aa0:	4611      	mov	r1, r2
10001aa2:	f7ff fe11 	bl	100016c8 <clock_configure_undivided>
10001aa6:	2004      	movs	r0, #4
10001aa8:	f7ff fe76 	bl	10001798 <clock_get_hz>
10001aac:	2400      	movs	r4, #0
10001aae:	4b0f      	ldr	r3, [pc, #60]	@ (10001aec <runtime_init_clocks+0xd8>)
10001ab0:	fba3 3500 	umull	r3, r5, r3, r0
10001ab4:	0cad      	lsrs	r5, r5, #18
10001ab6:	b2e0      	uxtb	r0, r4
10001ab8:	4629      	mov	r1, r5
10001aba:	3401      	adds	r4, #1
10001abc:	f7ff ff04 	bl	100018c8 <tick_start>
10001ac0:	2c06      	cmp	r4, #6
10001ac2:	d1f8      	bne.n	10001ab6 <runtime_init_clocks+0xa2>
10001ac4:	b002      	add	sp, #8
10001ac6:	bd70      	pop	{r4, r5, r6, pc}
10001ac8:	40010000 	.word	0x40010000
10001acc:	40013000 	.word	0x40013000
10001ad0:	59682f00 	.word	0x59682f00
10001ad4:	40050000 	.word	0x40050000
10001ad8:	47868c00 	.word	0x47868c00
10001adc:	40058000 	.word	0x40058000
10001ae0:	00b71b00 	.word	0x00b71b00
10001ae4:	08f0d180 	.word	0x08f0d180
10001ae8:	02dc6c00 	.word	0x02dc6c00
10001aec:	431bde83 	.word	0x431bde83

10001af0 <rom_func_lookup>:
10001af0:	2300      	movs	r3, #0
10001af2:	7cdb      	ldrb	r3, [r3, #19]
10001af4:	2b02      	cmp	r3, #2
10001af6:	bf14      	ite	ne
10001af8:	2318      	movne	r3, #24
10001afa:	2316      	moveq	r3, #22
10001afc:	881b      	ldrh	r3, [r3, #0]
10001afe:	2200      	movs	r2, #0
10001b00:	e842 f200 	tt	r2, r2
10001b04:	0252      	lsls	r2, r2, #9
10001b06:	d401      	bmi.n	10001b0c <rom_func_lookup+0x1c>
10001b08:	2110      	movs	r1, #16
10001b0a:	4718      	bx	r3
10001b0c:	2104      	movs	r1, #4
10001b0e:	4718      	bx	r3

10001b10 <rom_reset_usb_boot>:
10001b10:	4604      	mov	r4, r0
10001b12:	460d      	mov	r5, r1
10001b14:	b508      	push	{r3, lr}
10001b16:	b128      	cbz	r0, 10001b24 <rom_reset_usb_boot+0x14>
10001b18:	fa90 f4a0 	rbit	r4, r0
10001b1c:	fab4 f484 	clz	r4, r4
10001b20:	f041 0520 	orr.w	r5, r1, #32
10001b24:	2300      	movs	r3, #0
10001b26:	7cdb      	ldrb	r3, [r3, #19]
10001b28:	2b02      	cmp	r3, #2
10001b2a:	bf14      	ite	ne
10001b2c:	2318      	movne	r3, #24
10001b2e:	2316      	moveq	r3, #22
10001b30:	881b      	ldrh	r3, [r3, #0]
10001b32:	2200      	movs	r2, #0
10001b34:	e842 f200 	tt	r2, r2
10001b38:	0252      	lsls	r2, r2, #9
10001b3a:	bf54      	ite	pl
10001b3c:	2110      	movpl	r1, #16
10001b3e:	2104      	movmi	r1, #4
10001b40:	f244 2052 	movw	r0, #16978	@ 0x4252
10001b44:	4798      	blx	r3
10001b46:	4623      	mov	r3, r4
10001b48:	4606      	mov	r6, r0
10001b4a:	462a      	mov	r2, r5
10001b4c:	210a      	movs	r1, #10
10001b4e:	f44f 7081 	mov.w	r0, #258	@ 0x102
10001b52:	47b0      	blx	r6

10001b54 <runtime_init_bootrom_locking_enable>:
10001b54:	4a03      	ldr	r2, [pc, #12]	@ (10001b64 <runtime_init_bootrom_locking_enable+0x10>)
10001b56:	f8d2 3828 	ldr.w	r3, [r2, #2088]	@ 0x828
10001b5a:	2b00      	cmp	r3, #0
10001b5c:	d0fb      	beq.n	10001b56 <runtime_init_bootrom_locking_enable+0x2>
10001b5e:	f3bf 8f5f 	dmb	sy
10001b62:	4770      	bx	lr
10001b64:	400e0000 	.word	0x400e0000

10001b68 <runtime_init_boot_locks_reset>:
10001b68:	2100      	movs	r1, #0
10001b6a:	4b04      	ldr	r3, [pc, #16]	@ (10001b7c <runtime_init_boot_locks_reset+0x14>)
10001b6c:	4a04      	ldr	r2, [pc, #16]	@ (10001b80 <runtime_init_boot_locks_reset+0x18>)
10001b6e:	f3bf 8f5f 	dmb	sy
10001b72:	f843 1b04 	str.w	r1, [r3], #4
10001b76:	4293      	cmp	r3, r2
10001b78:	d1f9      	bne.n	10001b6e <runtime_init_boot_locks_reset+0x6>
10001b7a:	4770      	bx	lr
10001b7c:	400e080c 	.word	0x400e080c
10001b80:	400e082c 	.word	0x400e082c

10001b84 <generic_save_state>:
10001b84:	b086      	sub	sp, #24
10001b86:	b403      	push	{r0, r1}
10001b88:	fc51 0408 	dcp_pxmd r0, r1
10001b8c:	e9cd 0102 	strd	r0, r1, [sp, #8]
10001b90:	fc51 0409 	dcp_pymd r0, r1
10001b94:	e9cd 0104 	strd	r0, r1, [sp, #16]
10001b98:	ec51 040a 	dcp_refd r0, r1
10001b9c:	e9cd 0106 	strd	r0, r1, [sp, #24]
10001ba0:	bc03      	pop	{r0, r1}
10001ba2:	47f0      	blx	lr

10001ba4 <generic_restore_state>:
10001ba4:	e8bd 5000 	ldmia.w	sp!, {ip, lr}
10001ba8:	ec4e c400 	dcp_wxmd ip, lr
10001bac:	e8bd 5000 	ldmia.w	sp!, {ip, lr}
10001bb0:	ec4e c401 	dcp_wymd ip, lr
10001bb4:	e8bd 5000 	ldmia.w	sp!, {ip, lr}
10001bb8:	ec4e c402 	dcp_wefd ip, lr
10001bbc:	bd00      	pop	{pc}
10001bbe:	0000      	movs	r0, r0
10001bc0:	b500      	push	{lr}
10001bc2:	f7ff ffdf 	bl	10001b84 <generic_save_state>
10001bc6:	e002      	b.n	10001bce <__wrap___aeabi_dadd+0x6>

10001bc8 <__wrap___aeabi_dadd>:
10001bc8:	fe10 f430 	dcp_pcmp APSR_nzcv
10001bcc:	d4f8      	bmi.n	10001bc0 <generic_restore_state+0x1c>
10001bce:	ec41 0410 	dcp_wxup r0, r1
10001bd2:	ec43 2411 	dcp_wyup r2, r3
10001bd6:	ee00 0401 	dcp_add0
10001bda:	ee10 0401 	dcp_add1
10001bde:	ee80 0420 	dcp_nrdd
10001be2:	ec51 0410 	dcp_rdda r0, r1
10001be6:	4770      	bx	lr
10001be8:	b500      	push	{lr}
10001bea:	f7ff ffcb 	bl	10001b84 <generic_save_state>
10001bee:	e002      	b.n	10001bf6 <__wrap___aeabi_dsub+0x6>

10001bf0 <__wrap___aeabi_dsub>:
10001bf0:	fe10 f430 	dcp_pcmp APSR_nzcv
10001bf4:	d4f8      	bmi.n	10001be8 <__wrap___aeabi_dadd+0x20>
10001bf6:	ec41 0410 	dcp_wxup r0, r1
10001bfa:	ec43 2411 	dcp_wyup r2, r3
10001bfe:	ee00 0401 	dcp_add0
10001c02:	ee10 0421 	dcp_sub1
10001c06:	ee80 0420 	dcp_nrdd
10001c0a:	ec51 0430 	dcp_rdds r0, r1
10001c0e:	4770      	bx	lr
10001c10:	b500      	push	{lr}
10001c12:	f7ff ffb7 	bl	10001b84 <generic_save_state>
10001c16:	e002      	b.n	10001c1e <__wrap___aeabi_dmul+0x6>

10001c18 <__wrap___aeabi_dmul>:
10001c18:	fe10 f430 	dcp_pcmp APSR_nzcv
10001c1c:	d4f8      	bmi.n	10001c10 <__wrap___aeabi_dsub+0x20>
10001c1e:	b510      	push	{r4, lr}
10001c20:	ec41 0410 	dcp_wxup r0, r1
10001c24:	ec43 2411 	dcp_wyup r2, r3
10001c28:	ec51 0404 	dcp_rxms r0, r1, #0x0
10001c2c:	ec53 2405 	dcp_ryms r2, r3, #0x0
10001c30:	fba0 4c02 	umull	r4, ip, r0, r2
10001c34:	f05f 0e00 	movs.w	lr, #0
10001c38:	fbe0 ce03 	umlal	ip, lr, r0, r3
10001c3c:	fbe1 ce02 	umlal	ip, lr, r1, r2
10001c40:	ec4c 4420 	dcp_wxms r4, ip
10001c44:	2400      	movs	r4, #0
10001c46:	fbe1 e403 	umlal	lr, r4, r1, r3
10001c4a:	ec44 e430 	dcp_wxmo lr, r4
10001c4e:	ee80 0420 	dcp_nrdd
10001c52:	ec51 0450 	dcp_rddm r0, r1
10001c56:	e8bd 4010 	ldmia.w	sp!, {r4, lr}
10001c5a:	4770      	bx	lr
10001c5c:	b500      	push	{lr}
10001c5e:	f7ff ff91 	bl	10001b84 <generic_save_state>
10001c62:	e002      	b.n	10001c6a <__wrap___aeabi_ddiv+0x6>

10001c64 <__wrap___aeabi_ddiv>:
10001c64:	fe10 f430 	dcp_pcmp APSR_nzcv
10001c68:	d4f8      	bmi.n	10001c5c <__wrap___aeabi_dmul+0x44>
10001c6a:	ec41 0410 	dcp_wxup r0, r1
10001c6e:	ec43 2411 	dcp_wyup r2, r3
10001c72:	ec51 0421 	dcp_rymr r0, r1
10001c76:	fba0 1201 	umull	r1, r2, r0, r1
10001c7a:	ea6f 0282 	mvn.w	r2, r2, lsl #2
10001c7e:	fb52 0010 	smmlar	r0, r2, r0, r0
10001c82:	fb52 f212 	smmulr	r2, r2, r2
10001c86:	fb52 0010 	smmlar	r0, r2, r0, r0
10001c8a:	eba0 7cd0 	sub.w	ip, r0, r0, lsr #31
10001c8e:	ec53 2404 	dcp_rxms r2, r3, #0x0
10001c92:	fb5c f113 	smmulr	r1, ip, r3
10001c96:	ec53 2415 	dcp_ryms r2, r3, #0x1
10001c9a:	fba1 2002 	umull	r2, r0, r1, r2
10001c9e:	fb01 0003 	mla	r0, r1, r3, r0
10001ca2:	ec53 2444 	dcp_rxms r2, r3, #0x4
10001ca6:	eba2 0000 	sub.w	r0, r2, r0
10001caa:	fb50 f21c 	smmulr	r2, r0, ip
10001cae:	ea4f 1311 	mov.w	r3, r1, lsr #4
10001cb2:	eb12 7001 	adds.w	r0, r2, r1, lsl #28
10001cb6:	eb43 71e2 	adc.w	r1, r3, r2, asr #31
10001cba:	ea40 5051 	orr.w	r0, r0, r1, lsr #21
10001cbe:	ea20 5091 	bic.w	r0, r0, r1, lsr #22
10001cc2:	f020 0007 	bic.w	r0, r0, #7
10001cc6:	ec53 2475 	dcp_ryms r2, r3, #0x7
10001cca:	fba0 3c02 	umull	r3, ip, r0, r2
10001cce:	ec53 2475 	dcp_ryms r2, r3, #0x7
10001cd2:	fb00 cc03 	mla	ip, r0, r3, ip
10001cd6:	fb01 cc02 	mla	ip, r1, r2, ip
10001cda:	ec53 2404 	dcp_rxms r2, r3, #0x0
10001cde:	ebac 4c82 	sub.w	ip, ip, r2, lsl #18
10001ce2:	ea40 705c 	orr.w	r0, r0, ip, lsr #29
10001ce6:	f1a0 0001 	sub.w	r0, r0, #1
10001cea:	ec41 0440 	dcp_wxdd r0, r1
10001cee:	ee80 0420 	dcp_nrdd
10001cf2:	ec51 0470 	dcp_rddd r0, r1
10001cf6:	4770      	bx	lr
10001cf8:	b500      	push	{lr}
10001cfa:	f7ff ff43 	bl	10001b84 <generic_save_state>
10001cfe:	e002      	b.n	10001d06 <__wrap___aeabi_d2f+0x6>

10001d00 <__wrap___aeabi_d2f>:
10001d00:	fe10 f430 	dcp_pcmp APSR_nzcv
10001d04:	d4f8      	bmi.n	10001cf8 <__wrap___aeabi_ddiv+0x94>
10001d06:	ec41 0410 	dcp_wxup r0, r1
10001d0a:	ee80 0422 	dcp_nrdf
10001d0e:	ee10 04b2 	dcp_rdfg r0
10001d12:	4770      	bx	lr
10001d14:	b500      	push	{lr}
10001d16:	f7ff ff35 	bl	10001b84 <generic_save_state>
10001d1a:	e002      	b.n	10001d22 <__wrap___aeabi_i2d+0x6>

10001d1c <__wrap___aeabi_i2d>:
10001d1c:	fe10 f430 	dcp_pcmp APSR_nzcv
10001d20:	d4f8      	bmi.n	10001d14 <__wrap___aeabi_d2f+0x14>
10001d22:	ec40 0470 	dcp_wxic r0, r0
10001d26:	ee00 0401 	dcp_add0
10001d2a:	ee10 0421 	dcp_sub1
10001d2e:	ee80 0420 	dcp_nrdd
10001d32:	ec51 0430 	dcp_rdds r0, r1
10001d36:	4770      	bx	lr
10001d38:	b500      	push	{lr}
10001d3a:	f7ff ff23 	bl	10001b84 <generic_save_state>
10001d3e:	e002      	b.n	10001d46 <__wrap___aeabi_ui2d+0x6>

10001d40 <__wrap___aeabi_ui2d>:
10001d40:	fe10 f430 	dcp_pcmp APSR_nzcv
10001d44:	d4f8      	bmi.n	10001d38 <__wrap___aeabi_i2d+0x1c>
10001d46:	ec40 0460 	dcp_wxuc r0, r0
10001d4a:	ee00 0401 	dcp_add0
10001d4e:	ee10 0421 	dcp_sub1
10001d52:	ee80 0420 	dcp_nrdd
10001d56:	ec51 0430 	dcp_rdds r0, r1
10001d5a:	4770      	bx	lr
10001d5c:	b500      	push	{lr}
10001d5e:	f7ff ff11 	bl	10001b84 <generic_save_state>
10001d62:	e002      	b.n	10001d6a <__wrap___aeabi_d2iz+0x6>

10001d64 <__wrap___aeabi_d2iz>:
10001d64:	fe10 f430 	dcp_pcmp APSR_nzcv
10001d68:	d4f8      	bmi.n	10001d5c <__wrap___aeabi_ui2d+0x1c>
10001d6a:	ec41 0480 	dcp_wxdc r0, r1
10001d6e:	ee00 0401 	dcp_add0
10001d72:	ee10 0401 	dcp_add1
10001d76:	ee80 0440 	dcp_ntdc
10001d7a:	ee10 0413 	dcp_rdic r0
10001d7e:	4770      	bx	lr
10001d80:	b500      	push	{lr}
10001d82:	f7ff feff 	bl	10001b84 <generic_save_state>
10001d86:	e002      	b.n	10001d8e <__wrap___aeabi_d2uiz+0x6>

10001d88 <__wrap___aeabi_d2uiz>:
10001d88:	fe10 f430 	dcp_pcmp APSR_nzcv
10001d8c:	d4f8      	bmi.n	10001d80 <__wrap___aeabi_d2iz+0x1c>
10001d8e:	ec41 0480 	dcp_wxdc r0, r1
10001d92:	ee00 0401 	dcp_add0
10001d96:	ee10 0401 	dcp_add1
10001d9a:	ee80 0440 	dcp_ntdc
10001d9e:	ee10 0433 	dcp_rduc r0
10001da2:	4770      	bx	lr
10001da4:	b500      	push	{lr}
10001da6:	f7ff feed 	bl	10001b84 <generic_save_state>
10001daa:	e002      	b.n	10001db2 <__wrap___aeabi_dcmpun+0x6>

10001dac <__wrap___aeabi_dcmpun>:
10001dac:	fe10 f430 	dcp_pcmp APSR_nzcv
10001db0:	d4f8      	bmi.n	10001da4 <__wrap___aeabi_d2uiz+0x1c>
10001db2:	ec41 0410 	dcp_wxup r0, r1
10001db6:	ec43 2411 	dcp_wyup r2, r3
10001dba:	ee00 0401 	dcp_add0
10001dbe:	ee10 0430 	dcp_rcmp r0
10001dc2:	f3c0 7000 	ubfx	r0, r0, #28, #1
10001dc6:	4770      	bx	lr
10001dc8:	b500      	push	{lr}
10001dca:	f7ff fedb 	bl	10001b84 <generic_save_state>
10001dce:	e002      	b.n	10001dd6 <__wrap___aeabi_dcmpeq+0x6>

10001dd0 <__wrap___aeabi_dcmpeq>:
10001dd0:	fe10 f430 	dcp_pcmp APSR_nzcv
10001dd4:	d4f8      	bmi.n	10001dc8 <__wrap___aeabi_dcmpun+0x1c>
10001dd6:	ec41 0410 	dcp_wxup r0, r1
10001dda:	ec43 2411 	dcp_wyup r2, r3
10001dde:	ee00 0401 	dcp_add0
10001de2:	ee10 0430 	dcp_rcmp r0
10001de6:	f3c0 7080 	ubfx	r0, r0, #30, #1
10001dea:	4770      	bx	lr
10001dec:	b500      	push	{lr}
10001dee:	f7ff fec9 	bl	10001b84 <generic_save_state>
10001df2:	e002      	b.n	10001dfa <__wrap___aeabi_dcmplt+0x6>

10001df4 <__wrap___aeabi_dcmplt>:
10001df4:	fe10 f430 	dcp_pcmp APSR_nzcv
10001df8:	d4f8      	bmi.n	10001dec <__wrap___aeabi_dcmpeq+0x1c>
10001dfa:	ec43 2410 	dcp_wxup r2, r3
10001dfe:	ec41 0411 	dcp_wyup r0, r1
10001e02:	ee00 0401 	dcp_add0
10001e06:	ee10 f430 	dcp_rcmp APSR_nzcv
10001e0a:	bf8c      	ite	hi
10001e0c:	2001      	movhi	r0, #1
10001e0e:	2000      	movls	r0, #0
10001e10:	4770      	bx	lr
10001e12:	bf00      	nop
10001e14:	b500      	push	{lr}
10001e16:	f7ff feb5 	bl	10001b84 <generic_save_state>
10001e1a:	e002      	b.n	10001e22 <__wrap___aeabi_dcmple+0x6>

10001e1c <__wrap___aeabi_dcmple>:
10001e1c:	fe10 f430 	dcp_pcmp APSR_nzcv
10001e20:	d4f8      	bmi.n	10001e14 <__wrap___aeabi_dcmplt+0x20>
10001e22:	ec43 2410 	dcp_wxup r2, r3
10001e26:	ec41 0411 	dcp_wyup r0, r1
10001e2a:	ee00 0401 	dcp_add0
10001e2e:	ee10 f430 	dcp_rcmp APSR_nzcv
10001e32:	bf2c      	ite	cs
10001e34:	2001      	movcs	r0, #1
10001e36:	2000      	movcc	r0, #0
10001e38:	4770      	bx	lr
10001e3a:	bf00      	nop
10001e3c:	b500      	push	{lr}
10001e3e:	f7ff fea1 	bl	10001b84 <generic_save_state>
10001e42:	e002      	b.n	10001e4a <__wrap___aeabi_dcmpge+0x6>

10001e44 <__wrap___aeabi_dcmpge>:
10001e44:	fe10 f430 	dcp_pcmp APSR_nzcv
10001e48:	d4f8      	bmi.n	10001e3c <__wrap___aeabi_dcmple+0x20>
10001e4a:	ec41 0410 	dcp_wxup r0, r1
10001e4e:	ec43 2411 	dcp_wyup r2, r3
10001e52:	ee00 0401 	dcp_add0
10001e56:	ee10 f430 	dcp_rcmp APSR_nzcv
10001e5a:	bf2c      	ite	cs
10001e5c:	2001      	movcs	r0, #1
10001e5e:	2000      	movcc	r0, #0
10001e60:	4770      	bx	lr
10001e62:	bf00      	nop
10001e64:	b500      	push	{lr}
10001e66:	f7ff fe8d 	bl	10001b84 <generic_save_state>
10001e6a:	e002      	b.n	10001e72 <__wrap___aeabi_dcmpgt+0x6>

10001e6c <__wrap___aeabi_dcmpgt>:
10001e6c:	fe10 f430 	dcp_pcmp APSR_nzcv
10001e70:	d4f8      	bmi.n	10001e64 <__wrap___aeabi_dcmpge+0x20>
10001e72:	ec41 0410 	dcp_wxup r0, r1
10001e76:	ec43 2411 	dcp_wyup r2, r3
10001e7a:	ee00 0401 	dcp_add0
